,genero,spectral_bandwith,spectral_centroid,mfcc,rmse,zcr
0,blues,2003.4655070999218,1785.0369252601627,-113.59882,0.12781973,0.08304028905645786
1,blues,2037.4649439061898,1529.7357944363964,-207.52383,0.09390323,0.05602734677107502
2,blues,1746.9358379398702,1552.5206472011073,-90.757164,0.1732202,0.07628667585073473
3,blues,1598.1123478108168,1071.391496333503,-199.57513,0.13898975,0.03330206520688322
4,blues,1748.0183892918149,1834.4737840311218,-160.35417,0.08978124,0.10143788065545244
5,blues,1730.3767975694736,1833.1740865637241,-177.80174,0.101910986,0.09403473632057231
6,blues,1391.7841009248573,1461.325530876626,-190.0688,0.13884185,0.07305941246133024
7,blues,1577.855599559643,1452.9712681831513,-179.3723,0.1293924,0.061453197505800465
8,blues,2031.2816481672844,1719.5044528146718,-121.38979,0.140758,0.06402715342227379
9,blues,1972.3186635687423,1814.143208287778,-213.26424,0.080221176,0.07915518658159319
10,blues,1511.4575597080275,1409.5091026464956,-173.81046,0.1404616,0.06295089544663574
11,blues,1759.9669425844756,1355.5427891837542,-287.9319,0.06456534,0.043912080674787315
12,blues,1568.1910548710161,1362.3176264911576,-207.2383,0.116470784,0.0690874540796597
13,blues,1829.5321792049428,1325.1192129230355,-209.80392,0.11050589,0.051389996616395976
14,blues,1704.9977955244592,1171.7316735315644,-305.66437,0.06560047,0.04503289950696056
15,blues,1732.826359639481,1421.5385783902254,-238.51962,0.07890182,0.06368501667633411
16,blues,1827.1596054755612,1454.2012439236585,-233.77281,0.07967107,0.06135350203016241
17,blues,1410.2024158372826,1088.6650981362704,-245.68724,0.09113472,0.04831907385924207
18,blues,2055.1038444156106,1539.7591140564305,-252.48178,0.07839051,0.05613459493426141
19,blues,1482.1465892837382,1196.1364447971168,-236.67947,0.09507741,0.05887999685808198
20,blues,1910.9218648200124,1388.8714206841582,-230.36378,0.073442295,0.05259238447409126
21,blues,1480.406368316917,1046.2990232448603,-264.67126,0.09936703,0.04789159174400619
22,blues,1498.2176296986945,1156.4153789307197,-233.96312,0.11140622,0.05855447602474865
23,blues,1496.8621433577455,1210.5522246340695,-227.2558,0.100145295,0.05246398878576953
24,blues,1447.2873341535653,1118.3816804062658,-274.37683,0.08498986,0.047267739752513534
25,blues,1462.959468624561,1108.978679465398,-249.31532,0.08762611,0.0516883277745553
26,blues,1574.43744984985,1199.4226099137363,-284.64056,0.07530921,0.0519572034512761
27,blues,1494.9090254030732,1392.8872591178003,-228.20984,0.094580114,0.07243027358855375
28,blues,1398.79143103092,1116.5070949527164,-248.98882,0.09737791,0.04803358226991493
29,blues,2191.2832503413915,1648.6104261703538,-233.72897,0.12204232,0.05287787606341841
30,blues,2003.5755026418474,1379.6146946511606,-206.93233,0.16783741,0.03935856535189482
31,blues,1970.3285920855178,1329.14735538325,-221.87302,0.15007792,0.04294231559358082
32,blues,1882.2306615902382,1309.8976953285924,-288.7327,0.10008202,0.03937744707076566
33,blues,2075.587815811923,1430.932939460876,-238.96988,0.13186285,0.04196575309358082
34,blues,2156.0144564461507,1535.6320886517483,-217.18364,0.13391139,0.045710375580046404
35,blues,2096.8047448766306,1507.2678695037043,-171.79478,0.17110729,0.04541582076566125
36,blues,1909.347767400362,1249.8044936958747,-200.18538,0.19534408,0.036898655017401395
37,blues,1685.901517688328,1190.2935058520438,-328.56018,0.06661537,0.04816122268948182
38,blues,2139.7096814931724,1511.847189564958,-192.69032,0.1662789,0.04437052880897138
39,blues,1708.039758875401,1151.0615219243014,-301.70804,0.08469585,0.03531410116976025
40,blues,2358.1984754547234,2274.3799230952377,-110.285034,0.13303332,0.09767739752513535
41,blues,2463.449441798799,2388.741979369857,-107.203255,0.12789091,0.10223619972931168
42,blues,2367.2890371958074,2301.9916924714366,-159.5804,0.11014914,0.09781108009474092
43,blues,2373.776996527392,2158.16580365035,-109.1407,0.12606646,0.0871716091453983
44,blues,2374.3529470724457,2277.5326384889663,-109.53125,0.13502942,0.09250531709203402
45,blues,2290.002890267263,1737.7476133665616,-163.24342,0.1460069,0.048047177107501934
46,blues,2361.427832448449,1914.673854055382,-182.60481,0.100903265,0.05846006743039443
47,blues,2310.1684454767083,2013.108039801222,-149.96422,0.111609794,0.07531917657579273
48,blues,2203.5374480013056,2146.3727989735353,-106.39663,0.12286983,0.09875592130703789
49,blues,1906.6116032855616,1320.795335968937,-255.96312,0.08805339,0.039954472399458624
50,blues,2081.510997699124,1943.8039974945661,-83.02949,0.1788327,0.08578720151778808
51,blues,1928.6109151998228,1977.6431404742793,-55.631004,0.19466281,0.10657672926334107
52,blues,1673.4843338428007,1446.0713598370971,-225.26271,0.09671276,0.06718417681747874
53,blues,1953.569546978833,2171.974236623618,-76.74658,0.16495551,0.13281401053750966
54,blues,1987.510249328046,2031.3445701447251,-57.94169,0.19796021,0.10340157941802011
55,blues,1975.5304827171253,2030.5905671329597,-98.7711,0.15368557,0.11310527238012374
56,blues,2052.0741904766596,1812.2991267104167,-145.29242,0.13545884,0.07551403591453983
57,blues,1912.8686087570302,1886.180124263259,-92.73328,0.17268094,0.08995326396945089
58,blues,2032.3749460954466,2067.3783994698456,-95.44059,0.15868175,0.10432904944895592
59,blues,2099.4204867392828,2235.38812502385,-86.268684,0.16503972,0.1421974695475638
60,blues,1980.4822119126488,1947.1342807361395,-67.761024,0.19289045,0.09741758507347255
61,blues,2179.6927217384014,2504.319184180653,-82.52998,0.14036873,0.1674982175657386
62,blues,2119.626988673164,2279.1843944106795,-144.92339,0.104985096,0.11714747075599381
63,blues,2443.735777480212,2842.5477241217927,-129.15756,0.09481149,0.15440714423820573
64,blues,2280.4355620124156,2553.6621926339735,-85.13846,0.11649661,0.14681518271461716
65,blues,2371.5670584269333,2816.7866065885996,-118.35663,0.09946477,0.14627743136117555
66,blues,2256.1999830830505,2340.5929561383637,-116.60201,0.109298125,0.12177273661059551
67,blues,2176.798487326113,2258.022857127747,-95.46357,0.12816127,0.11268383241492652
68,blues,2342.799523181753,2508.823570190798,-113.20137,0.10146199,0.1350858589520495
69,blues,2209.128820575377,2370.418725449712,-121.47392,0.11547951,0.12509742966937354
70,blues,2131.5039083431325,2160.6756678375004,-133.04897,0.10457889,0.09833674714810518
71,blues,2286.822497840552,2429.1200308732286,-89.39791,0.11962179,0.1346334529679041
72,blues,2519.5836616837314,2595.075966332719,-118.70432,0.103347085,0.12915699922660479
73,blues,2158.5340025559667,2094.221003244184,-30.126768,0.2565395,0.10052400546210363
74,blues,2531.0835406629863,2515.371289135838,-56.0053,0.19362794,0.12089209324245939
75,blues,2255.9304302810133,2224.1587003916875,-86.491806,0.18535891,0.10846641168793504
76,blues,2426.9921225076764,2646.817909071378,-52.707645,0.2163373,0.13647026657965972
77,blues,2190.8538468124025,2206.1340337715073,-28.989244,0.23833294,0.11152373960750193
78,blues,2226.8586496597823,2332.947091540231,-2.5430121,0.25334135,0.12380289902358856
79,blues,2359.579946247503,2441.704194601862,-3.5798957,0.26824775,0.12467825551044083
80,blues,1898.3716549569556,1827.8038057478586,-54.706253,0.2380517,0.09401963094547564
81,blues,1955.3727720780096,2114.674456180309,-27.024075,0.24570413,0.1272688273395205
82,blues,2167.707089872632,2139.846735134465,-29.367115,0.24870682,0.1051258579853055
83,blues,2263.375178955184,2316.2637188814465,-19.882248,0.24599731,0.11793219499226605
84,blues,2084.7261450412625,2060.1177626500016,-39.007614,0.23070425,0.1133552663379737
85,blues,1673.9883455590746,1311.1709324809235,-180.20891,0.14858586,0.05938980326759474
86,blues,1635.491011692229,1245.6198489900466,-212.79181,0.12226659,0.04881377489365816
87,blues,1872.5458606959041,1441.1867479787716,-155.5764,0.15611684,0.05085753214423821
88,blues,1529.9526092115061,1005.9489710357201,-194.2843,0.13961971,0.032053605955143075
89,blues,1286.783899756656,800.1452439464276,-346.85635,0.05158365,0.025642129495359628
90,blues,1970.556966586001,1613.454907437899,-177.56758,0.13023561,0.05817608637857695
91,blues,1395.1904554274395,991.863610700625,-236.30539,0.09836895,0.03604369078692962
92,blues,1435.8773852123797,919.430062021217,-332.2246,0.061972175,0.03230737625676721
93,blues,997.4322370831763,570.43351879313,-350.35263,0.06524413,0.021690563370069606
94,blues,1660.9664305697543,1240.940447760397,-206.24908,0.13819082,0.05086886117556071
95,blues,1771.9943505363458,1387.7278247572494,-130.57875,0.18517476,0.05714287872196443
96,blues,1582.0778400521597,1131.3277884662327,-314.57837,0.05106468,0.04828508676527456
97,blues,1600.1351905751064,1233.3582331320322,-148.64699,0.1961035,0.04460692792923434
98,blues,2206.342545326402,2311.3363837507163,-90.67999,0.123457186,0.1284228779969064
99,blues,1704.1257267986227,1539.2166865212878,-177.25548,0.104019225,0.07474366178460944
100,country,2846.6061307470072,2797.0890230298983,-23.104954,0.24794635,0.10719883294753087
101,country,2839.4234866877114,2938.0865003744125,-7.9727893,0.2298555,0.1269999516627997
102,country,2616.5980109645257,2307.1141482471867,-120.305214,0.14530751,0.07417768659212538
103,country,2279.702100142101,2172.3411858991885,-57.75979,0.20331538,0.10254057420665634
104,country,2848.4380443341347,2966.4990469083004,-20.78135,0.20880094,0.12415797939241487
105,country,2735.4223671269438,2925.314565302592,-24.671667,0.20259179,0.13635450642747507
106,country,2778.2770632562024,2807.014004938949,-23.201923,0.21283096,0.1282898276109411
107,country,2879.3564998984375,2900.073249662173,-20.81746,0.24370667,0.11292826649574303
108,country,2575.2278191805044,2506.2471636559594,-19.763226,0.2737358,0.10455317559753277
109,country,2949.174127728414,3193.4203722356606,12.145776,0.23567808,0.1568799430941358
110,country,2127.377860095798,1863.1102448726292,-197.70265,0.07423785,0.07653893561484919
111,country,2798.510451477765,2836.944194111442,-199.05687,0.07772356,0.11016727692382057
112,country,2051.7957622862364,1667.0867891727391,-141.01443,0.12566055,0.06404905621616395
113,country,2842.37089760463,2812.4699304575793,-126.20302,0.07881888,0.1294976254350348
114,country,3037.387339326278,2953.8377385854524,-124.6224,0.090933554,0.12477644044856923
115,country,2148.5218160065688,1959.8772246600245,-116.19743,0.104459584,0.0942024059841454
116,country,1650.5105409960013,1427.0631110397749,-210.10042,0.079054914,0.06019491976024749
117,country,1958.885950147013,1469.7446624021404,-171.32309,0.088083014,0.06386779171500387
118,country,2369.880769015085,2068.9972428570018,-131.1577,0.09558885,0.0955664213553751
119,country,1462.5219701822207,1137.9039762267314,-256.0997,0.08113904,0.05094363278228925
120,country,2531.2356912461864,2406.933289500344,-161.19606,0.10463097,0.0867728272428461
121,country,1393.5762545468403,1044.9133887361631,-209.33365,0.10894091,0.04566128311098221
122,country,2141.7398554652436,1719.4033400652297,-195.07317,0.07413492,0.06806482018561485
123,country,2332.195358562423,1497.2328166149462,-353.09116,0.038581073,0.035450049545630316
124,country,1908.4124565794255,1741.3891636648304,-200.06026,0.09567319,0.08239377900232019
125,country,2015.4320019476327,1564.9028272483615,-200.6344,0.079526074,0.05726296645398299
126,country,1701.2697727589873,1269.2612010802088,-194.23512,0.09979727,0.05479323762567672
127,country,2141.8581999264134,2012.287188966257,-100.76679,0.11578669,0.09732091067285382
128,country,1887.0315170047381,1474.5163512018503,-169.22511,0.093455374,0.059824838070378965
129,country,1554.3950475387908,1213.2976886976223,-171.242,0.11605219,0.05421319122196443
130,country,1995.001834302404,1237.5702840297622,-277.10757,0.07898647,0.04282524893658159
131,country,2187.839274391673,2053.2926859210825,-130.48167,0.100153536,0.09532624589133798
132,country,2205.283025482231,1823.2112832521325,-237.93953,0.06023124,0.0675686086136891
133,country,2386.573125071338,2454.6329479236715,-133.27147,0.10281815,0.12363976097254448
134,country,2658.047902247764,2617.880714532121,-153.86862,0.075667016,0.11927128649458624
135,country,2544.8439831738133,2322.4723432111955,-120.41707,0.09825108,0.10435623912412993
136,country,2051.938329504943,1831.0156845819038,-339.64667,0.0225967,0.08486803944315545
137,country,2438.406837101359,2068.9416492857686,-173.44347,0.071593605,0.08493450309358082
138,country,2919.1692954029613,2860.0696236545477,-118.0589,0.08931984,0.12114208720030936
139,country,3052.4114261233603,3761.63432706336,-89.70955,0.09358844,0.2123528736465584
140,country,2560.9016350377324,2451.2383815529397,-102.86875,0.10730369,0.10630558778035576
141,country,2900.483190200686,2636.385726391015,-111.62214,0.11225941,0.09583907337587007
142,country,2715.5026073545,2387.053604409085,-101.28794,0.11653351,0.0870462345320959
143,country,2492.186920048759,2532.94204196898,-101.19267,0.09344708,0.1342754555781129
144,country,2247.049712499765,1730.3409436539882,-162.78079,0.11296126,0.06650443493812838
145,country,2649.7321713334027,2778.1294972181854,-61.222664,0.14530154,0.13295751160092809
146,country,1935.2038842158063,2111.461635873907,-126.90665,0.102457024,0.11585973752900232
147,country,1840.9624170479688,1783.3500636270905,-165.54424,0.08988654,0.09407401029582367
148,country,2483.8689437171683,1938.6828797457918,-148.98796,0.11533555,0.06395766869682908
149,country,1825.4583840595208,1599.2702138398106,-110.04325,0.14284086,0.07577913524748646
150,country,2038.6200193074399,1782.8543299916705,-143.05974,0.10864869,0.07894824294276875
151,country,1848.085254040443,1552.9668266744568,-204.64368,0.08995755,0.05926971553557618
152,country,1663.8208471930038,1117.2270770357597,-265.2709,0.06918981,0.03545609169566899
153,country,2296.636851495238,2272.3515543586486,-84.68879,0.13189662,0.10829647621809745
154,country,2105.579603980101,1654.0645115458763,-175.00964,0.10366675,0.06018132492266048
155,country,2115.70434573243,1879.7838055791342,-82.9455,0.15374583,0.08111435373163187
156,country,1960.1039138100386,1467.5773638464234,-164.78546,0.13574891,0.05490426213263728
157,country,1983.5943174692204,1740.2449792505513,-137.86005,0.1296137,0.07545814602668213
158,country,2149.3119199950925,1798.7207983362152,-101.2983,0.16236097,0.07328221674400619
159,country,2014.1990100465393,1537.4837665942919,-185.06337,0.14490268,0.0525281866299304
160,country,1929.3161786107516,1372.441282972579,-178.47948,0.14043328,0.04291512591840681
161,country,1895.6353309229314,1397.4440770240078,-186.33115,0.10685467,0.04857888631090487
162,country,2276.014034980507,2163.6306136983408,-94.152916,0.1283413,0.10230417391724671
163,country,2014.1230237212776,1612.5136506932224,-185.41428,0.12900473,0.058243305297757154
164,country,1865.2494075791287,1512.1783248138213,-217.81781,0.08227369,0.06005519504060325
165,country,1196.347830037304,894.2872418195719,-250.85716,0.109838285,0.03865843121616396
166,country,1710.391623120429,1703.8664076956538,-102.481804,0.13475701,0.09890395398298531
167,country,1241.1797663134253,860.1560045046348,-328.71906,0.05499984,0.035354130413766435
168,country,1459.5901840797087,1131.9366815526564,-229.49329,0.082054205,0.050235945959010056
169,country,1632.8076606454397,1328.670443759424,-217.11801,0.08564469,0.06107027624709977
170,country,1970.612658297122,1935.2900181428274,-99.33054,0.14206882,0.09469257540603249
171,country,1396.468991791281,1261.303764461252,-185.85484,0.11766582,0.06050457994972931
172,country,1871.2498511538467,1709.090117417804,-96.24628,0.15491089,0.08226311750773395
173,country,1825.506885063,1552.2654026856587,-167.00668,0.0943907,0.0697233903712297
174,country,1696.8091516277157,1535.3362764544947,-207.24358,0.08157872,0.07111761649265275
175,country,2241.884206750026,2185.8133532366155,-60.91825,0.17747512,0.11369438200889405
176,country,1409.6707978777392,1322.31301713252,-183.98438,0.12708327,0.0664757347254447
177,country,1557.8953580037817,1512.5006761533891,-118.21476,0.13068707,0.08781132178074245
178,country,1445.4064770006855,1146.7989328593724,-302.41064,0.042998344,0.04990362770688322
179,country,1235.2321948712336,964.3736496390314,-229.05678,0.11460302,0.0457639996616396
180,country,2187.098461647796,2047.1880340530656,-101.02087,0.15086651,0.08933167778422274
181,country,2150.403221530527,2101.2142067199516,-74.15763,0.16560993,0.10104665144044857
182,country,2261.782892107287,2252.4262340714604,-68.574776,0.16422673,0.10604577532869296
183,country,1726.4408838603645,1433.0522862038063,-148.5371,0.13024983,0.05954312282482599
184,country,2037.271175154759,1965.7757860807844,-80.230835,0.17895897,0.09297962587006961
185,country,1852.9759835512925,1596.2971651799228,-146.03406,0.1347778,0.06928608976218098
186,country,2085.4151942577623,1878.5550749722308,-122.42891,0.13203363,0.07827227740719257
187,country,1808.6227447820306,1592.3905066130244,-170.8428,0.10796312,0.07397555346094355
188,country,1963.3899371948412,1621.111637195697,-121.959,0.15165214,0.06603692357888631
189,country,1668.4253980028525,1322.451274203696,-205.06755,0.104143016,0.05249873114849188
190,country,1973.0452699952434,1928.0089603863646,-91.654945,0.14584467,0.09900591526488786
191,country,1779.403849427834,1563.355978649781,-193.73314,0.08885988,0.06472804282675948
192,country,2212.9540292213596,2336.3729446077887,-50.79226,0.17457315,0.12120704031322506
193,country,1715.6597935820157,1536.2726833879003,-213.623,0.09207212,0.0681154231921887
194,country,1748.2949895669844,1477.0101038338482,-104.32959,0.20558062,0.06300527479698376
195,country,1761.6625910312848,1557.5562718682659,-124.79657,0.1738147,0.06740622583139985
196,country,1861.9056302730924,1754.7572666183244,-69.83627,0.216939,0.09742815883604021
197,country,1783.484581795294,1561.4652002735459,-148.36998,0.15253562,0.06720079273008507
198,country,1689.553334481804,1423.475506850584,-139.56085,0.17488629,0.061711499419953596
199,country,2160.750396638035,2158.5623015415013,-42.18055,0.21759723,0.10823076783642692
200,hiphop,2351.182264035133,2666.5566520718367,-80.93423,0.120179005,0.14731819170533642
201,hiphop,2440.810194930048,2808.3452118951072,-81.23491,0.28176352,0.0977438611755607
202,hiphop,1912.7583296302018,1491.2576747856283,-202.88803,0.091101505,0.05869269020688322
203,hiphop,2328.0600914107195,2490.994644463364,-40.30154,0.2594923,0.10349674328112916
204,hiphop,2360.7077102013104,2370.058569040562,-140.16278,0.19342977,0.09982991347641144
205,hiphop,2511.3560606935675,2708.9692066620746,-11.706974,0.25847024,0.12459517594740913
206,hiphop,2638.685340419549,2857.6127508103177,-59.565926,0.26283213,0.12812605737625676
207,hiphop,2266.835468891888,2046.8405546752306,-58.496304,0.25838798,0.07861743522815158
208,hiphop,2348.7195050562,3069.2589091934383,-111.1565,0.1391151,0.1771052361272235
209,hiphop,2283.8381009771238,2197.9210636741027,-94.94585,0.2087651,0.09830049424787317
210,hiphop,2117.01529706423,2284.659892985636,-67.46242,0.16454639,0.12541313200889403
211,hiphop,2240.4985031596807,2093.3226978714138,-74.21385,0.19751595,0.09412838964617169
212,hiphop,2109.3519197725086,1976.6383140525666,-67.06469,0.19563726,0.08724487021461717
213,hiphop,1688.5565634316288,1798.3020544148221,-129.32367,0.13489725,0.0966102027745553
214,hiphop,2118.8546403130554,2435.7090052623985,-51.30058,0.18306787,0.13380114680007735
215,hiphop,2347.495933981858,2400.565190071071,-81.904236,0.13491862,0.11605233106148492
216,hiphop,2243.911145816132,2429.2560053677817,-88.141426,0.20053901,0.11035684938128383
217,hiphop,2361.0557502294687,2145.204286075459,-76.79857,0.18737443,0.08036965873936582
218,hiphop,2339.814991423095,2682.3572403464527,-113.53241,0.15725887,0.1456754821635731
219,hiphop,2406.8263841577955,2465.317321270384,-64.75484,0.2145463,0.10013202097834493
220,hiphop,2261.739109710222,2675.7959605679753,-122.26182,0.17394818,0.10811068010440836
221,hiphop,2269.5261228407217,2406.4982569633726,-27.65653,0.23810998,0.1197025449535963
222,hiphop,2273.3949287676187,2028.3680465205068,-100.64651,0.16937174,0.07539847979505027
223,hiphop,2193.634940788934,2240.589761311684,-44.72337,0.18858701,0.10663941656999226
224,hiphop,2160.482462703429,2516.6196630503955,-63.147476,0.17160006,0.1388244392884764
225,hiphop,2227.2632585923634,2307.298257077384,-44.338444,0.24815157,0.10741130123743232
226,hiphop,2917.2834623417034,3462.014718389963,-102.89939,0.15965815,0.1726776029720948
227,hiphop,2633.9707207517104,2641.7522288772943,-109.31013,0.13288926,0.10252777710901387
228,hiphop,2702.203100320736,2775.0111506826734,-83.25371,0.15275066,0.11450327484532095
229,hiphop,2852.1301448599547,3123.6090751271686,-72.31159,0.16463453,0.11531948824541284
230,hiphop,3206.156919086273,3726.117310830598,-23.859095,0.19154151,0.17265066101121423
231,hiphop,2968.88661712794,3082.0385033466105,-25.108788,0.21097149,0.13642774646865324
232,hiphop,2441.9542534876073,2144.6280574248144,-148.12135,0.12943007,0.07877074249031008
233,hiphop,2729.5211910729126,2982.601712747986,-31.762894,0.21092325,0.15282977764423078
234,hiphop,2734.987877499426,3192.883465630989,5.626782,0.22496095,0.16928355483716476
235,hiphop,2832.6226790212895,2826.1888708855754,-100.84442,0.18683267,0.1033899066091954
236,hiphop,2561.7949059546863,2971.906935983112,-218.08333,0.08809123,0.1218698212594697
237,hiphop,2832.982958193989,3782.344233609295,-95.94046,0.15120679,0.21416311553030304
238,hiphop,2217.032043311447,2210.6311382758713,-61.835876,0.26386255,0.09735514322916666
239,hiphop,2939.23364203042,2695.1047970038653,-120.94078,0.18052828,0.11151086055871212
240,hiphop,2791.9991481709976,2460.306616382262,-182.9864,0.12810607,0.10346531723484849
241,hiphop,2665.6478568360817,2706.6701762336547,-77.00406,0.18063435,0.11934037642045454
242,hiphop,2756.712853553518,2895.316618842357,-74.73161,0.24534845,0.10167495265151515
243,hiphop,2226.3472239880357,1840.4734451387233,-154.78532,0.13281108,0.061744643702651515
244,hiphop,2325.0839753901196,2509.4625606581503,-268.93674,0.038532563,0.14068122632575758
245,hiphop,2939.23364203042,2695.1047970038653,-120.94078,0.18052828,0.11151086055871212
246,hiphop,2601.7888797207765,2308.718901153165,-75.62651,0.21726419,0.09144265395398299
247,hiphop,3270.48070074638,3237.673937255817,-76.705734,0.2409039,0.1092473595804331
248,hiphop,2682.4717750731547,2346.3668776889967,-87.560486,0.22274931,0.07753437983372002
249,hiphop,3060.0828989788693,3088.228242445969,-44.586338,0.28378865,0.108720937258314
250,hiphop,2428.105080473246,1683.2734617653125,-114.05457,0.2690116,0.042418914346481054
251,hiphop,2576.7386376559853,2493.2868294227233,-78.70536,0.2393433,0.0994794687741686
252,hiphop,2880.701469723171,2597.776621668921,-146.45955,0.10621196,0.08231598632057231
253,hiphop,3222.608890123596,3080.030847935799,-144.9216,0.10555182,0.10708426986658932
254,hiphop,3322.6523952745115,3260.195967475324,-104.79348,0.12059361,0.12618577194508895
255,hiphop,2056.8216279164153,1736.3803307747041,-161.52745,0.13072771,0.07243404993232792
256,hiphop,2496.872624766804,2356.7669735355857,-101.071526,0.16371198,0.07013350130510441
257,hiphop,2278.7186585390104,1811.5311053265275,-113.623055,0.22033352,0.051426249516628
258,hiphop,2411.808563595959,2680.08558165291,-109.82442,0.12599231,0.1361341719837587
259,hiphop,2286.5792747924843,1947.6292788634953,-133.19142,0.14885925,0.06297355350928074
260,hiphop,2052.1676802132033,1717.282825182371,-153.54395,0.17749545,0.05387558608855375
261,hiphop,2201.6575325285385,1812.9333710736928,-127.280014,0.15308778,0.06733069895591648
262,hiphop,2503.1178554957687,2442.2754924254737,-144.11632,0.18206139,0.10957061460750193
263,hiphop,2497.298577130592,2676.863185110969,-98.853745,0.17950681,0.12219191076952823
264,hiphop,2576.8387773552345,2427.738660514793,-82.389885,0.22939287,0.07977903857308585
265,hiphop,2775.9756712727594,2447.961831001672,-140.10194,0.19740549,0.08851674279775715
266,hiphop,2484.143986181439,2244.537129370681,-111.97783,0.18376276,0.07935835387664346
267,hiphop,3024.5330865848578,3059.413645019874,-74.66587,0.2117774,0.12695161446249034
268,hiphop,2746.4395552686406,2543.0794686054596,-66.12838,0.22074825,0.09564799038089714
269,hiphop,3138.1503968065454,3294.077345449258,-59.28568,0.26696274,0.12083016120456304
270,hiphop,3048.266751570097,2497.202030930766,-81.72639,0.27473179,0.06920754181167826
271,hiphop,3282.1395844227104,3171.609138772617,-78.83389,0.24319252,0.10747700961910286
272,hiphop,2520.521681340552,1819.9199990372479,-118.05631,0.24766374,0.051574282192575406
273,hiphop,2945.34122844879,2571.530197469301,-78.21304,0.29525566,0.08562028712296983
274,hiphop,2710.5857930806296,2773.7846839119156,-68.91118,0.20585898,0.11070729408352668
275,hiphop,2849.0304024441853,3150.422446257791,-94.559555,0.18554682,0.14684539346481051
276,hiphop,2629.882063766937,2328.5402718360315,-111.27533,0.23002574,0.0966192659996133
277,hiphop,2901.033707945824,2990.7969126619096,-25.85015,0.23259689,0.1376394226121423
278,hiphop,2629.882063766937,2328.5402718360315,-111.27533,0.23002574,0.0966192659996133
279,hiphop,2834.2670270141994,3212.560804625977,-79.72858,0.14998153,0.172229221046017
280,hiphop,2994.998587976284,3377.41712851715,-64.0287,0.1400655,0.1549041110788863
281,hiphop,1955.233770415234,1470.9675047576172,-215.99901,0.08306217,0.0518227656129157
282,hiphop,2182.729147915835,2292.4739115981693,-122.77545,0.10086068,0.11332354505027069
283,hiphop,2303.1017532655424,2368.854597370012,-121.9977,0.10850033,0.1108107659029389
284,hiphop,1932.7859750593943,2043.8409278218483,-214.28505,0.06255985,0.10507525497873163
285,hiphop,2391.141156228211,2604.324719358646,-114.32079,0.10416832,0.12720614003286929
286,hiphop,2198.830582406128,2083.764847280455,-198.95903,0.07598877,0.07985683125483373
287,hiphop,2501.100547902402,2478.452124813425,-168.2848,0.103725486,0.08779848221191029
288,hiphop,2388.718905351746,2695.4752763317338,-89.90493,0.11609261,0.14985664999033255
289,hiphop,2396.7419879780227,2669.9489525177614,-103.14578,0.11857001,0.11755229480858469
290,hiphop,2327.0708556003237,2273.8393951037356,-109.51281,0.107146434,0.10440608686194895
291,hiphop,2351.4676811667473,2631.7034234694547,-105.535225,0.110984996,0.13855707414926527
292,hiphop,2662.9116002754713,2328.782370043621,-145.03775,0.1212387,0.072574529920727
293,hiphop,2606.2267238520667,3183.803677763253,-191.64328,0.064933844,0.15208016120456302
294,hiphop,2249.2140630373224,1929.5411861295581,-169.90744,0.10899105,0.05417542778422274
295,hiphop,2293.388060943447,2734.209740043771,-92.64569,0.100914255,0.15754075430201084
296,hiphop,1812.4378800219938,1753.1680198516221,-128.18356,0.10854017,0.08311279485692188
297,hiphop,2527.1059826468427,2584.0224683868205,-111.191635,0.116936065,0.11600474912993039
298,hiphop,2341.199695240845,2538.781136415108,-129.85645,0.116783015,0.10069998308197989
299,hiphop,1918.7629297595915,1965.9049612518982,-138.8806,0.14738964,0.10149377054331013
300,metal,2723.683260501574,3275.335603516008,-52.940304,0.11558959,0.18303485112142304
301,metal,2620.9031528772634,2922.5343119544623,-80.19851,0.09683577,0.15281956931554525
302,metal,2006.0635564841684,2199.365636360853,-62.234993,0.13213763,0.1283262035962877
303,metal,2205.7668418864896,2752.138976023274,-43.095963,0.14865568,0.1666719535479505
304,metal,2826.5615028072666,3405.546298650631,-107.15857,0.06290325,0.19234429379350348
305,metal,2204.9588944743405,2463.502122612885,-79.6058,0.11989605,0.1342905609532096
306,metal,2572.912268533605,3236.9409661457557,-140.7743,0.050112057,0.19801485160479504
307,metal,2522.926166152646,2938.1179994928316,-108.10116,0.06854884,0.16829502610208816
308,metal,2760.1226253985074,2968.281024331742,-149.9959,0.057690643,0.14056986538089714
309,metal,2390.2161171478006,2250.6286675004485,3.6384408,0.31171972,0.09463593024941995
310,metal,2359.817285129949,3049.5856666123204,-58.747185,0.11755492,0.19648241130123742
311,metal,2239.0391384600202,2699.8317695354176,8.767137,0.23027226,0.1714067333720031
312,metal,2183.489097799258,2802.5369955881806,-64.16983,0.11384912,0.1768295630317092
313,metal,2304.370480367611,3049.661864545263,-84.9103,0.08582675,0.20350414491492652
314,metal,2102.414418176249,2877.6405872204336,-117.906,0.07724451,0.185242501691802
315,metal,2458.8975824100075,2985.8187402790945,-76.82907,0.11025298,0.16920890129543698
316,metal,2140.8152982250945,2742.882770168018,26.65341,0.2683547,0.17952964883023975
317,metal,2339.088423003481,2659.1402855119813,-75.53899,0.111619376,0.15871444194702242
318,metal,1583.3895181087364,2291.5525101287476,-76.3725,0.11806922,0.18024337780355762
319,metal,2324.5872389882134,2699.82358525969,-89.35648,0.09915384,0.1614303883894045
320,metal,2345.362431377896,2659.1590111500905,-75.01482,0.115298145,0.15233317623743234
321,metal,2324.00038574629,3046.6156329338824,-76.301384,0.10708459,0.19153917730085074
322,metal,2226.6081464482,2218.708617354677,-45.855606,0.19698445,0.10693850299690642
323,metal,2235.5625592663564,2573.531839631629,-43.79751,0.19254982,0.13170074439288476
324,metal,2227.6936841626402,2410.758289402954,-16.719742,0.23065186,0.12827409005220416
325,metal,2074.0953011010643,2387.739292401068,-120.14749,0.099554054,0.12606568421307038
326,metal,2127.1645368422446,2870.0457298358865,-61.545593,0.13722543,0.19812738664926527
327,metal,2218.5251678433765,2398.400903710275,-36.520527,0.16351153,0.12821744489559164
328,metal,2247.745847024066,2789.7089095755146,-28.094532,0.14357133,0.1798574354698376
329,metal,2477.9052194171923,2954.2886496265523,-103.65423,0.087943375,0.16328683898878577
330,metal,1869.7398696083171,1526.7510442029893,-77.4267,0.22866227,0.0511732344837587
331,metal,2407.820167832393,2564.6389562742447,-12.502043,0.21883173,0.12511782192575405
332,metal,2134.202532491427,2502.785151753751,-61.91036,0.13532345,0.14809385271655065
333,metal,1930.0098597963542,2031.7844370705568,-35.695076,0.2556129,0.10000664636504254
334,metal,2233.950799623338,2705.5674023739252,-104.72376,0.08944227,0.160796717904099
335,metal,2338.1525394678847,2835.8932267049527,13.4749975,0.269533,0.162749842904099
336,metal,2317.6066640477516,2686.180308066856,-71.29067,0.11019018,0.16041002030162413
337,metal,2149.7029733527725,2293.1972900376736,-79.10418,0.11143752,0.12358689215970611
338,metal,2120.3666245867225,2691.012007578736,-122.13073,0.14268503,0.14824339593000774
339,metal,2063.557362443345,2099.6087571507896,-99.87088,0.15366851,0.08821388002706883
340,metal,2194.552330641451,2710.3569836002525,-74.115265,0.10348525,0.16652920775328692
341,metal,1929.4861285223708,2269.720646560302,-100.42342,0.096787415,0.13732523081013148
342,metal,2037.5663407379163,2465.26725510218,-93.58541,0.09289898,0.15187019649071926
343,metal,2126.8585208133445,2685.045694945727,-110.88208,0.08945588,0.1772434503093581
344,metal,2242.4947090345904,2760.5190834274163,-86.23198,0.094490044,0.17118392908932714
345,metal,2027.6287103288712,2390.8045023253594,-135.4813,0.0871809,0.14432204055491105
346,metal,2322.365983548058,2794.6439175167666,0.36834213,0.21103969,0.16365918648491878
347,metal,2286.289166099189,2908.170348940055,-1.9132974,0.21571024,0.17810294615235886
348,metal,2338.3345678912624,2890.1436806174643,9.593644,0.22315301,0.17654105036736273
349,metal,2296.6513056850526,2979.95611175819,10.019839,0.2161063,0.1939620794663573
350,metal,2408.1725576707618,2984.807453701895,16.490421,0.2468014,0.17741263051044084
351,metal,2458.586766930272,3401.3151206267485,9.602478,0.22439721,0.22834417899265275
352,metal,2207.210805778772,2717.6446277707587,4.0256376,0.23687296,0.1621629990815932
353,metal,2375.283729611285,2906.3889703600585,4.921885,0.22435339,0.17252604166666666
354,metal,2410.9040305675057,3112.3482847999726,1.160123,0.20522098,0.19568258168986852
355,metal,2363.263202719828,3108.7056748076866,10.451379,0.23078589,0.19680037944702242
356,metal,2386.8686214248582,3012.0140166018873,11.953703,0.24073672,0.17927965487238978
357,metal,2270.947891291577,2717.3641876832935,-24.984938,0.20514475,0.14368157265081208
358,metal,2221.7523489411783,2460.7252663455115,-15.672692,0.18331549,0.14280772670146946
359,metal,2102.253813978264,2443.096651201395,-15.625049,0.1816027,0.1498105785962877
360,metal,2066.0698345007713,2314.412278797932,-58.26438,0.12481007,0.13945508869876258
361,metal,2194.552330641451,2710.3569836002525,-74.115265,0.10348525,0.16652920775328692
362,metal,1929.4861285223708,2269.720646560302,-100.42342,0.096787415,0.13732523081013148
363,metal,2037.5663407379163,2465.26725510218,-93.58541,0.09289898,0.15187019649071926
364,metal,2126.8585208133445,2685.045694945727,-110.88208,0.08945588,0.1772434503093581
365,metal,2242.4947090345904,2760.5190834274163,-86.23198,0.094490044,0.17118392908932714
366,metal,2027.6287103288712,2390.8045023253594,-135.4813,0.0871809,0.14432204055491105
367,metal,2070.4201123472694,2254.509581142342,-82.511116,0.1342262,0.120108124274942
368,metal,2069.3284731156045,2301.9594887817975,-99.95563,0.09700687,0.1306909500676721
369,metal,2099.5090199301267,1741.7788341066964,-111.67718,0.17266661,0.05374719040023202
370,metal,2451.4194011167615,2740.3994303154723,-197.25981,0.047337156,0.1428424690641918
371,metal,2407.01011859123,2807.6129341129345,-78.647804,0.11360096,0.15372589182134572
372,metal,2151.6973410675323,2338.978091155505,-35.23795,0.19343053,0.11675170992846094
373,metal,2459.8017079908136,2640.6820614251433,2.7837267,0.2918587,0.1212840777262181
374,metal,2400.291063460692,2727.52482332691,-201.1977,0.040533744,0.13499975831399846
375,metal,2199.771792632126,2067.2388148456826,-40.49335,0.24306078,0.08885661373743232
376,metal,2250.418343905478,2791.000002787542,-100.889046,0.0951035,0.16246057497099767
377,metal,2302.136447040374,2741.1200007633574,-42.059067,0.14783984,0.1598851085170147
378,metal,2545.823140659441,2810.962080186741,-1.694594,0.2673272,0.13175210266821347
379,metal,2264.96497005072,2711.1568689841806,-74.911835,0.12522198,0.14386208188321734
380,metal,2497.6252378095082,2847.597334498606,-73.529945,0.13672076,0.1440539201469451
381,metal,1971.177780795434,2138.5725997573345,-19.165882,0.18953317,0.12193285358662026
382,metal,2092.993871493885,2379.165995337378,-57.683716,0.12945865,0.14125111779775715
383,metal,2141.5299160715504,2341.282798785131,-29.381208,0.20726174,0.1228565472737819
384,metal,2274.8434561041004,2521.5051401228993,0.25672,0.22733422,0.13850042899265275
385,metal,2256.8709895797233,2647.232203938626,-46.60955,0.15004648,0.1577257951469451
386,metal,2248.7430038548655,2629.1651366936453,-96.319695,0.08763997,0.1590157941802011
387,metal,2696.787614359628,3337.4454054759753,22.829609,0.2658438,0.18671678630123742
388,metal,1987.8196944692636,1988.078481496021,-129.66246,0.1286285,0.09239806892884764
389,metal,1727.81295782232,1443.6653133914053,-90.71683,0.26463664,0.04652077895398299
390,metal,2219.0073411106073,2142.5589650427123,-93.54413,0.14611223,0.084629374516628
391,metal,2263.9146562173783,2324.9059236153184,-96.65291,0.115328215,0.12001447094934262
392,metal,2064.749661180225,2090.4920887538647,-67.92382,0.16479807,0.09327493595320958
393,metal,2268.5541519615467,2646.059851282654,-105.01983,0.09049521,0.14160005196249034
394,metal,2233.950799623338,2705.5674023739252,-104.72376,0.08944227,0.160796717904099
395,metal,2330.002925889616,2447.06854580772,-35.46846,0.18157405,0.12114510827532869
396,metal,2286.025043564202,2493.502218556998,-51.620953,0.18454342,0.1281404074825986
397,metal,2113.3847515858038,1983.7022999596495,-82.13019,0.18391113,0.08622450212683681
398,metal,2116.283792062693,2242.4034231771775,-95.38948,0.13539937,0.11567922829659706
399,metal,2232.1752959314813,2375.779713442635,-66.68023,0.16615014,0.10793017087200309
400,reggae,2290.9138262184324,2137.1495360774306,-159.48033,0.09214852,0.0977929536446249
401,reggae,1998.6836562998838,1640.2151216973339,-190.9372,0.08025967,0.06397428460943543
402,reggae,2104.3934791014985,1792.4389332005628,-189.09105,0.088685,0.07511072239945862
403,reggae,2108.7937353186303,1924.7496348516986,-201.19154,0.0918258,0.08488616589327146
404,reggae,2142.3649357647478,2008.3067284840781,-175.5785,0.09731081,0.08443829152165507
405,reggae,1963.8235701337655,1799.9928760144708,-176.76518,0.09833473,0.07300880945475638
406,reggae,1705.0457691183462,1419.194234543279,-207.39706,0.10318895,0.060815750676720806
407,reggae,2027.9455244883752,1755.8647924531672,-192.26941,0.08837917,0.07387510271655066
408,reggae,1963.559876340188,1690.6566351864715,-194.54175,0.09983765,0.0694190170630317
409,reggae,1989.6958030500734,1613.6055463611592,-232.50473,0.08384232,0.06055518295630317
410,reggae,2039.465303133958,2149.3106718478093,-233.64264,0.0607934,0.10274298506380511
411,reggae,2296.2721297352773,1996.0176360841385,-198.73212,0.07549232,0.07025736538089714
412,reggae,2307.3404214589186,2302.5879363452705,-191.19943,0.072489485,0.11373063490912606
413,reggae,1974.7538084666967,1609.5482406880826,-206.51552,0.10737729,0.07061007588940449
414,reggae,2064.8392244021393,1719.9494531212017,-209.5813,0.110983945,0.06408681965390564
415,reggae,2311.0861127249377,1920.4008517249601,-157.81721,0.12744138,0.06816300512374324
416,reggae,2301.9291666650793,2117.306324703687,-76.08659,0.1837104,0.0792314687258314
417,reggae,1973.6711626146823,1803.727231444442,-154.80096,0.13698572,0.0779278748549884
418,reggae,2127.12650346891,1908.8788955292605,-170.86713,0.10381019,0.07740522887664346
419,reggae,2066.0291012884877,1751.0488855253748,-184.58188,0.13489136,0.07127093604988399
420,reggae,2045.3410661503453,1638.509159951606,-177.70435,0.1364225,0.056730501981825214
421,reggae,2120.177410924731,2005.411611937008,-88.075615,0.15250935,0.09281648781902552
422,reggae,2226.6683530258965,2057.465086439994,-91.45285,0.1802338,0.072274688225058
423,reggae,2336.9840781496655,2357.5389999191066,-161.77791,0.10504166,0.12022821200696056
424,reggae,2018.3321677203458,1811.6014025705144,-169.15335,0.12023976,0.07211759232405258
425,reggae,1894.3860864424782,1705.4665036000804,-177.28357,0.123652965,0.07373311219064192
426,reggae,2053.8928431349964,1839.8563601736655,-171.62009,0.13104337,0.07454502610208817
427,reggae,2319.749678900861,2083.537900855403,-177.5211,0.12072239,0.08732039709010055
428,reggae,1899.6943937550052,1633.756726516086,-256.234,0.06941462,0.0677815944025522
429,reggae,2129.7189300664336,1587.9642025235278,-202.04497,0.09981671,0.04364547080433101
430,reggae,2195.40015723526,1833.8235407050556,-239.293,0.07611707,0.07048545654485693
431,reggae,2020.868344193893,1582.1269146603836,-226.43794,0.086771645,0.05866550053170921
432,reggae,1849.2730464637539,1508.0726385518567,-243.82346,0.05983612,0.06583904316511988
433,reggae,2062.9691282314534,1616.998467020847,-249.37834,0.071051955,0.059094493184454755
434,reggae,1746.6477370342452,1289.6442571343644,-238.91705,0.078634195,0.044585780404098996
435,reggae,2029.013738457032,1698.6933186790004,-223.38548,0.069352046,0.0612658908546017
436,reggae,2168.0174648801512,1810.535236924511,-236.64937,0.07613141,0.059199475541376646
437,reggae,2071.271433741646,1707.5681492996177,-242.43837,0.08045592,0.06325073714230471
438,reggae,2001.9727546788768,1697.3508608230286,-239.98526,0.07302852,0.06552031975058005
439,reggae,2137.8862764697355,1309.2321002695046,-300.45297,0.098469816,0.02592913162219644
440,reggae,1846.9290366991984,2028.361892297478,-296.14597,0.038317993,0.10103607767788089
441,reggae,2206.501572009677,1929.8205005963919,-177.4196,0.11790972,0.058988755558778035
442,reggae,2523.710861656756,2481.494200417966,-174.87035,0.069788694,0.1056031878383604
443,reggae,1642.5755367708146,1482.968094629542,-164.63869,0.1089061,0.07600647114269142
444,reggae,2821.898416093675,2453.7524376623774,-104.17264,0.14795321,0.08759682545436968
445,reggae,3111.8091652064227,4290.268468636965,-120.34942,0.08889928,0.22373855012567673
446,reggae,2593.1982702861737,2321.5160421695505,-169.06036,0.09240337,0.0809716079369683
447,reggae,2311.4506095105035,2478.60096479825,-140.33403,0.10706298,0.11494359652938901
448,reggae,2549.8606862439074,2674.873394329626,-123.69994,0.11834003,0.1111445946925754
449,reggae,2805.925413420124,2322.6373721860436,-121.542076,0.13093907,0.08067705312258314
450,reggae,2695.3154614117507,2963.2750996172613,-104.97809,0.12755205,0.12700070693155452
451,reggae,2876.248554639191,4268.016481544653,-154.95241,0.111218564,0.27450469475058004
452,reggae,3253.361351371391,3292.2792759001113,-85.34023,0.18543346,0.13407908570185614
453,reggae,2294.030001825428,2007.065030293388,-251.33118,0.060063303,0.08973952291183294
454,reggae,2728.63213468159,2547.7998230535372,-182.2128,0.09440327,0.10156174473124517
455,reggae,2842.6835766367403,2530.5252330280177,-130.38496,0.11165082,0.08217550633217324
456,reggae,2462.21490552943,2177.9990307771127,-162.50012,0.09855847,0.0831354529195669
457,reggae,2576.8942206008746,2168.07680134977,-177.44118,0.1012453,0.07881002876063418
458,reggae,2823.809149174826,2628.9226777300473,-169.36552,0.088472314,0.11194971118522815
459,reggae,2718.3729093775964,2671.1901421527127,-93.51898,0.12432979,0.11734006428847642
460,reggae,2298.669277806664,2394.0000316436767,-301.49734,0.025442874,0.11848958333333333
461,reggae,2918.9376880762447,3122.4376916178785,-74.10668,0.17745708,0.13355190811098222
462,reggae,2598.021372006058,2114.3416981889336,-265.6985,0.055619508,0.060824058633023974
463,reggae,2119.666339770148,1911.5222240949151,-168.58931,0.095222205,0.08332275957076567
464,reggae,3139.871936794806,3095.1488373047355,-70.077705,0.26441354,0.10084877102668213
465,reggae,2261.216028312093,2079.2633290862086,-66.108925,0.29103595,0.08282881380510441
466,reggae,1884.6269459849161,1627.6768338605502,-147.10289,0.12598702,0.06708146026682135
467,reggae,2359.2370106953067,1725.622057397845,-132.95634,0.13790393,0.06044793479311678
468,reggae,2313.049018865744,2102.9044148689077,-194.7791,0.093394384,0.07789237722351121
469,reggae,2676.2642577567267,2452.3888337038507,-142.86499,0.12361392,0.08036210605181748
470,reggae,2534.5543107609146,2291.0573381088893,-136.7909,0.14649019,0.060978888727764885
471,reggae,2851.151246930992,3111.5152913326624,-141.76859,0.14678021,0.12160204587200309
472,reggae,2972.605205719772,3085.8095056999655,-94.26048,0.1384071,0.1362527491782676
473,reggae,2669.3061657436065,2155.141210810522,-105.91556,0.19059731,0.05101689385150812
474,reggae,2665.9597411267555,2146.015993411033,-105.89512,0.19058649,0.050976864607501934
475,reggae,2325.142659728559,2483.073245284612,-63.820232,0.16853581,0.13499447143271462
476,reggae,2563.1068412389427,2456.721987735631,-105.702126,0.20676059,0.08826448303364269
477,reggae,2174.709609927858,1779.1860526434803,-151.81317,0.11435557,0.060877682714617166
478,reggae,2335.09934721687,2319.126668182575,-175.51059,0.09221548,0.09372129978731632
479,reggae,2219.0646874056138,3007.406802243809,-155.62473,0.07761936,0.18634745988012374
480,reggae,2645.1698851904307,2542.3251808780656,-103.16384,0.18809974,0.09428926189095127
481,reggae,2632.3065591180066,2572.037146799959,-115.755066,0.17179686,0.0993518283546017
482,reggae,2632.3065591180066,2572.037146799959,-115.755066,0.17179686,0.0993518283546017
483,reggae,1737.974308522612,1368.0098179893187,-285.87192,0.056441654,0.07120749347447795
484,reggae,2119.1880241390236,1784.1097839351542,-150.91212,0.11181506,0.07595888921113689
485,reggae,1649.8201515933367,1796.2254761483111,-175.1141,0.116670966,0.09933521244199536
486,reggae,2851.1042341375214,4407.849571024297,42.09145,0.32900098,0.2600956774458623
487,reggae,3065.157996679632,3298.545533192223,-110.21196,0.20270555,0.12181654219837587
488,reggae,3362.399199043923,3879.5070926146163,-75.25609,0.1169439,0.1891555491105955
489,reggae,1401.7570870595118,1047.9245211789348,-194.36122,0.14855562,0.03803382395591647
490,reggae,2680.501851062612,2873.967546492915,-127.3255,0.13882063,0.13065016555491105
491,reggae,2179.7661933768245,2312.546987479562,-159.94904,0.06774371,0.12381498332366589
492,reggae,2054.9241284867985,2170.7355282091285,-138.14923,0.09070359,0.11996537848027843
493,reggae,2529.1258324167043,2108.9678088873034,-147.46721,0.1054257,0.0892546403712297
494,reggae,2131.506759771846,2023.181939007852,-97.79847,0.13340066,0.09560871640564579
495,reggae,2786.7916872153514,2616.856894361851,-69.06215,0.15816566,0.10314931965390564
496,reggae,1579.4419205168388,1630.2297550590365,-166.97626,0.1587473,0.07966046137857695
497,reggae,2112.352275242683,2007.4099573946623,-142.80992,0.10965305,0.09396902793890177
498,reggae,2400.780326938447,2031.0045059139077,-134.61238,0.13672276,0.06484888582753287
499,reggae,2007.9310727960915,2466.5164864621083,-67.11288,0.17879699,0.1395925476121423
500,classical,1559.7005680301359,1505.773125061209,-268.21857,0.03595549,0.09821514887857695
501,classical,1442.6495551814255,1362.5352349289576,-324.09125,0.030448647,0.08776827146171694
502,classical,1599.7243187984507,1490.007215063302,-235.30266,0.043488406,0.09004163041376644
503,classical,1499.901432066576,1526.8692841310492,-326.89743,0.029297233,0.10893241250966744
504,classical,1647.1504875761407,1706.6809448566305,-259.95258,0.042020347,0.11285150207849962
505,classical,1558.4136817086714,1431.7497353718215,-264.33557,0.04289077,0.07519682303750967
506,classical,1579.4980720636104,1373.0285448526454,-295.8206,0.033072893,0.07289476387277649
507,classical,1516.911574859507,1358.9139748068892,-286.7648,0.04060553,0.07311907869296211
508,classical,1629.5279392339785,1517.3491352370195,-292.093,0.033808537,0.07877151005413767
509,classical,1583.1715424478257,1216.3333378350856,-356.10693,0.02375126,0.05623202460363496
510,classical,1572.00281340992,1498.237833871561,-315.01526,0.029227108,0.08621543890177881
511,classical,1113.3340199035683,950.838336552987,-385.35327,0.021429682,0.060767413476411444
512,classical,1332.798094157006,1181.1514796605945,-362.7318,0.031281445,0.06596366250966744
513,classical,1456.4517226232485,1388.2004104689545,-343.14352,0.03145779,0.08086133869876257
514,classical,1371.0789208183737,1279.550409970579,-324.6393,0.031277176,0.06844547563805105
515,classical,1561.6611756625632,1370.0673798765301,-449.5024,0.011366825,0.0757058741782676
516,classical,1456.1771915784866,1055.0431252607295,-482.57535,0.007966174,0.047643108323665896
517,classical,1417.7265071440916,1359.0365688898528,-311.5614,0.03700823,0.08105997438128383
518,classical,1320.494896685696,1157.9149639422644,-405.63312,0.018601738,0.07065992362722351
519,classical,1526.3940619208677,1186.8355229779945,-475.8085,0.007955715,0.05763682448762568
520,classical,1353.3241278791097,1218.1450326375734,-300.90747,0.03812838,0.06978985402165507
521,classical,1441.1877621484841,1370.88197067324,-278.16513,0.045044314,0.07952526827146171
522,classical,1367.7357779005456,1211.5553635648232,-278.80756,0.04759384,0.06843490187548337
523,classical,1405.0568546787779,984.5174196453361,-406.84668,0.01709262,0.044214188176720806
524,classical,1371.2355457126578,1252.7240675235587,-223.18733,0.06601549,0.0716183596771075
525,classical,1305.2575827709086,1184.4921321839574,-221.30133,0.06344501,0.06829744296210363
526,classical,1312.5060864736633,1278.6511918143462,-319.2353,0.03855425,0.08172914249806651
527,classical,1172.0988772389576,901.9571412762007,-366.2604,0.028283317,0.05342620117942769
528,classical,1371.9293357225686,1314.4506624319874,-228.95596,0.06217789,0.08108338771268368
529,classical,1579.4505591096315,1558.4618325962024,-297.12802,0.041390292,0.09219263582753287
530,classical,1359.5480244093906,1243.531536830273,-315.7878,0.029484069,0.06372202484532095
531,classical,1135.4943885885907,821.7107447298914,-374.00146,0.026059622,0.039435602764887855
532,classical,1205.5479723169817,793.2043265192738,-498.6033,0.008024046,0.036571623646558395
533,classical,1375.5446092767577,1127.5776603874133,-429.07135,0.012274756,0.05438765830433101
534,classical,1466.2391276887527,1369.4886016422158,-309.26334,0.03874269,0.07352012640177881
535,classical,1152.2410757923262,1016.5740417126457,-319.72226,0.0396557,0.06111483710363496
536,classical,1503.9375388084586,1282.968195983949,-419.33255,0.015860213,0.05943965100541377
537,classical,1463.9237336624394,1533.272565525839,-275.4436,0.040976383,0.09389501160092807
538,classical,1339.6050147589508,1280.4032127398089,-275.9678,0.04398477,0.0758289829853055
539,classical,1734.6582724021598,1633.3749956731463,-409.5085,0.012648685,0.10893543358468677
540,classical,1525.5392514490368,1395.9648686335279,-358.75812,0.019586468,0.07260549593967518
541,classical,1415.4872175950716,1329.693054939449,-368.52054,0.02116108,0.07882891047950502
542,classical,1326.116942924213,1325.8966125380841,-160.66153,0.13313209,0.0938560182530581
543,classical,1553.3576752302647,1063.7697458271432,-249.65216,0.11467788,0.05099725686388244
544,classical,1413.6344815136447,1182.3040109360948,-402.20825,0.017829776,0.07171125773395205
545,classical,1504.250375539426,1176.6606102150115,-171.08478,0.13725875,0.06226036658653846
546,classical,1965.1966269207655,1879.289098617748,-85.30834,0.114741914,0.11156678992652745
547,classical,1518.4138058809745,1174.2974313031257,-436.85822,0.009463608,0.0663412968870843
548,classical,1641.6628319888518,1515.0029714733319,-124.04526,0.16021001,0.08719663266782407
549,classical,2273.494049893778,2223.157677209535,-98.35358,0.12313494,0.10942261875967492
550,classical,1595.8545032368136,1170.1833279895793,-449.5513,0.007941152,0.04948294301044084
551,classical,2079.757142794057,1527.080451941127,-230.27237,0.080170155,0.06009336300309598
552,classical,2434.782039007002,2414.0094412750177,-186.65797,0.054779712,0.12690931941221964
553,classical,1555.8264752869882,1461.8418336822801,-121.83351,0.13710709,0.08765413125477464
554,classical,1602.745213499379,1700.7083671459272,-108.06734,0.17343806,0.1150396570585997
555,classical,1389.9678479827462,1080.1183034099893,-483.96786,0.013025984,0.05932938176720804
556,classical,1707.9954748924306,1680.7642189619507,-81.11545,0.18938468,0.09671887056327161
557,classical,1930.6176422118956,1750.2848035359757,-367.0708,0.016582984,0.09519633966550657
558,classical,1480.3162436124067,1137.787449180314,-349.94827,0.029904727,0.08184167754253674
559,classical,1651.654362535046,1551.3272621109093,-197.22751,0.06844183,0.09325001208430007
560,classical,1898.7382555023135,1804.2648488134082,-166.42174,0.06800002,0.10401636818445475
561,classical,1591.14390724067,1322.5615213504968,-274.3259,0.04774222,0.07608804016821345
562,classical,1815.645301749742,1476.4704364328684,-305.44928,0.038614452,0.07401709324245939
563,classical,1358.3332325282515,690.1985484005121,-465.89728,0.019999485,0.03603764863689095
564,classical,1946.5807818197793,1120.4172451118652,-498.64725,0.012398896,0.04227843435808198
565,classical,1327.4066580523317,829.450969648013,-421.5947,0.028826833,0.04749658618522815
566,classical,1298.448783926015,796.4455336627209,-429.1393,0.03137445,0.04501477305684455
567,classical,1702.3317239150003,1117.8133491745346,-413.4534,0.031359866,0.04635915144044857
568,classical,1616.475589696581,1560.8006832364613,-234.44064,0.05703495,0.09515933149651973
569,classical,1523.6488844158048,1350.084148582876,-321.24756,0.029041246,0.07925186098221192
570,classical,1615.9125738803095,1355.360549935911,-321.1392,0.031600222,0.07083288017208043
571,classical,1574.645985252435,1397.8025459198157,-269.7108,0.0513416,0.07587505437935035
572,classical,1660.7944477204214,1285.037473415027,-360.83868,0.020591097,0.06374166183294663
573,classical,1339.0627462257783,1213.103789510989,-306.85605,0.043350887,0.0709597653228925
574,classical,1573.6219212223227,1361.5896971555271,-289.74127,0.03694757,0.07215157941802011
575,classical,1466.5763378310583,1171.1599389018634,-413.00116,0.016385086,0.06086182207076566
576,classical,1539.565884899697,1340.6397685865477,-238.74171,0.05842968,0.0717437342904099
577,classical,1010.6542003964197,811.9512976688857,-477.94348,0.016619392,0.04833115815931941
578,classical,1032.602004374159,716.8600334851004,-552.1586,0.0065639764,0.04127619272041763
579,classical,901.1083167819088,791.0789605497923,-437.6044,0.01865279,0.05207427010827533
580,classical,1617.9903400636265,973.5259852143498,-549.5697,0.0052603213,0.031528694170533646
581,classical,1540.415653996106,1214.3515169617021,-374.65198,0.016451003,0.06057708575019335
582,classical,1448.9086317306605,1414.9410894199593,-263.99594,0.042844232,0.08737402117169374
583,classical,998.4902260272742,853.0327152154895,-338.83044,0.04176856,0.050760102474864656
584,classical,1153.4896620731022,1003.5667207654919,-368.99612,0.021762695,0.057942708333333336
585,classical,1587.0826741071905,1524.9303254208774,-246.15865,0.03862775,0.09158766555491106
586,classical,1495.0227032914495,1356.1049596051919,-283.51343,0.03111839,0.07681611924787317
587,classical,1109.8876396921492,877.6169619421535,-392.925,0.021419035,0.0510410624516628
588,classical,1457.9045695821899,1305.1191278153349,-299.62308,0.027981846,0.0705768440641918
589,classical,1884.772476234193,2423.3531937959983,-301.9321,0.034781247,0.16664098752900233
590,classical,1883.218785430876,2172.7933513208463,-326.38028,0.02371479,0.1519494997099768
591,classical,1911.9747468823548,2192.5418758375868,-251.23933,0.04434555,0.15238528978151586
592,classical,1438.719135325855,1808.9906057306648,-299.6929,0.082990274,0.13096360208816704
593,classical,1550.8100881242967,1624.192416569775,-207.42522,0.08067218,0.10823605471771075
594,classical,1696.2595444376325,1423.6472128421537,-385.87155,0.013945805,0.07011008797370456
595,classical,1780.7607772442593,1800.6747811093483,-422.54468,0.013480046,0.12435651102088167
596,classical,1741.2719102989004,1935.3937975187212,-203.65866,0.05660565,0.11758023975251354
597,classical,1671.5572461499344,1494.6591349456753,-280.7058,0.0361079,0.08591106559358082
598,classical,1867.3012930867694,1953.998583082728,-287.6037,0.028551247,0.12338674593967518
599,classical,1868.444800804779,1524.7096185581868,-378.6962,0.01047621,0.08067856366009281
600,disco,2565.5668360428026,2296.683942569098,-111.09919,0.13840927,0.0965141684322034
601,disco,2768.2199513436567,3292.9638019723207,-29.0431,0.17441534,0.1885170650921659
602,disco,3399.205487691393,3592.440084464804,-53.1693,0.15894291,0.15334372583139985
603,disco,2724.9507748289593,3050.4618108697173,-44.433094,0.19375966,0.14951358955938698
604,disco,3110.8005510163102,3326.575646997374,-83.55509,0.110812254,0.16897854432521267
605,disco,2569.1485298492207,2721.058484221708,-24.816133,0.20458339,0.14460533405172413
606,disco,2491.0220897089334,2847.9154766403885,-14.574817,0.18933639,0.1636259546597061
607,disco,2735.5633390784456,3103.2903567741787,-53.432594,0.15496325,0.1402730447602475
608,disco,2423.734020705261,2802.4031736401016,-32.569878,0.18589596,0.16428803406466513
609,disco,2626.669013696283,3015.399796724326,-68.92688,0.11629626,0.17066052784222738
610,disco,2624.5889661706897,2878.189506415682,-6.7652006,0.23062561,0.1502765794180201
611,disco,3006.7499177312006,3130.3962469327485,-41.315144,0.18690471,0.13096737843194123
612,disco,2614.4353190305314,2736.6948450434643,-57.955585,0.1722824,0.1314719871238426
613,disco,3108.0979345883784,3392.0284918724838,-40.076855,0.16740999,0.15950369779582366
614,disco,2814.239219056682,3089.484762695739,-23.927662,0.17239054,0.15626965218653252
615,disco,2806.63376068571,2361.94864498474,-46.762787,0.21426554,0.09023044760247487
616,disco,2563.055657926663,2520.084482239426,-35.856197,0.20326415,0.11424209770114943
617,disco,2667.8794792429535,2563.13898154681,-98.18701,0.11119657,0.12069345755993813
618,disco,2998.9984517400394,3041.307573289922,-73.086945,0.13538355,0.1435524216937355
619,disco,2147.8873031868675,2120.6092791794217,-95.04604,0.14401679,0.10365610498839907
620,disco,2113.5762811353716,2117.413970490111,-104.13797,0.123267226,0.10323088867942769
621,disco,3304.877045909313,3248.6355254036453,-115.077194,0.10855945,0.12404080868136118
622,disco,3250.592241624591,3707.2219949497717,-71.953896,0.13220198,0.17285533884377416
623,disco,2933.74109970232,3168.263247189972,-32.176426,0.17636281,0.1509774688225058
624,disco,2710.0153062417176,2623.490646465442,-69.63065,0.137801,0.12018591695668987
625,disco,2577.178363018631,2409.839995840893,-124.16993,0.10382733,0.09967583865042537
626,disco,2968.856975990191,3043.680704659488,-68.05401,0.14160897,0.13158669881090487
627,disco,2990.647368614649,2914.7940025962644,-155.67006,0.111829266,0.10114257057231245
628,disco,3189.477311881696,3714.163798139381,-20.4939,0.16850664,0.19838266748839908
629,disco,3032.6249874051955,3073.66899990265,-58.975624,0.14376149,0.13852308705529776
630,disco,3047.094126492004,3169.2339778180467,-40.752613,0.16491081,0.15074786712103636
631,disco,2900.1449134073564,3255.663208148925,-66.57301,0.11323131,0.1737095478054911
632,disco,2449.8637931655353,2446.824451679664,-123.33121,0.10666967,0.12326967928267595
633,disco,2388.3338125144282,2450.9105184646505,-57.81615,0.15593873,0.1244758434841454
634,disco,3234.084703776243,3652.6159581973648,-65.7685,0.12118894,0.18080454248839908
635,disco,3228.3305898867457,3619.5978767513757,-51.765152,0.14779626,0.1762699088843774
636,disco,3013.8661462630344,3347.36443587532,-23.554237,0.17008033,0.16202327436194897
637,disco,3197.5791843544625,3634.24756951151,-26.572124,0.1599672,0.18997577097834492
638,disco,2987.651068003529,3353.837089408971,-77.44353,0.111060806,0.16815756718870842
639,disco,2429.9342832259913,2326.720965208527,-107.419014,0.12290484,0.10114030476604795
640,disco,2534.857208083603,2607.7547117677386,-78.310104,0.1392283,0.12643878697795824
641,disco,2451.3411861471313,1774.7974411711584,-122.0258,0.17364134,0.05383480157579273
642,disco,2395.005406903807,2404.2609212854777,-62.335667,0.13448226,0.12162168285962877
643,disco,2763.8499893097564,2877.2982400636683,-62.772682,0.17042957,0.1346938744682908
644,disco,2436.6745937447267,2330.415623688298,-71.29619,0.14559227,0.10958118837006961
645,disco,2371.484718879253,2248.6596610366846,-81.30502,0.13241133,0.10970278663959783
646,disco,2274.6187608245527,2259.5935440005,-125.7326,0.109333225,0.11417322239945862
647,disco,1621.8707956990495,1712.635807533429,-280.8543,0.046597287,0.08703566076952823
648,disco,2160.4776997117883,2622.6473524747025,-105.02221,0.10914993,0.15434747800657386
649,disco,2209.3167081196784,2398.4779611137906,-45.15996,0.20373134,0.13528676044083526
650,disco,2257.286002828711,2374.282414362693,-45.837555,0.15679866,0.1287332934551431
651,disco,2309.491441225649,2650.8767301516664,-77.267006,0.10423067,0.1576004205336427
652,disco,2162.949191663733,2589.7189444663186,-70.546455,0.12291223,0.16974589738012374
653,disco,2710.359672363558,3079.476135617085,-108.56484,0.16846749,0.15417225565545242
654,disco,2534.1408302126306,2563.1259611089035,-226.30965,0.04987686,0.1145871096771075
655,disco,2073.92199732522,2108.697569673802,-103.1011,0.11873066,0.11037724163766435
656,disco,2043.7448730617868,1755.4130865444042,-182.81174,0.07400078,0.07691959106728538
657,disco,2099.7392720074927,1937.2116277317018,-143.2467,0.07501316,0.09240713215390564
658,disco,2244.1553415768094,2217.539344441245,-109.57256,0.117491,0.1109429379350348
659,disco,2269.297794754614,2277.220376516645,-109.0909,0.11362735,0.11016199004253674
660,disco,2084.0625383290176,1971.5335567817074,-121.1838,0.111518204,0.09294941511987626
661,disco,2485.148952872413,2546.9647739067873,-91.98377,0.1767424,0.11582423989752513
662,disco,2190.9149912476355,2387.449870719239,-107.9877,0.14443122,0.12760416666666666
663,disco,2626.5423622698727,2584.4888073677384,-51.742363,0.28406408,0.09969094402552205
664,disco,2402.6424407830254,2145.358907050477,-189.154,0.08972201,0.06491534947795824
665,disco,2188.0572908617983,1886.2628288467945,-106.294304,0.17904048,0.07360320596481051
666,disco,2277.472320804094,2491.7969341739113,-57.611416,0.16491497,0.13856689264307812
667,disco,2288.693786009078,2540.699760833587,-103.8082,0.09023866,0.14321255075406034
668,disco,2599.8909051164082,2956.2391770859494,-93.356636,0.103983395,0.1625995444218871
669,disco,2209.605626807721,1931.06149774541,-118.40577,0.10933167,0.08358483782869296
670,disco,2310.150521328852,2447.4275913662577,-81.762085,0.10851584,0.13456698931747874
671,disco,2532.0775667201256,2809.6074032703905,-105.534485,0.096226625,0.15587916304137664
672,disco,2302.0815533398695,2902.785509332754,-128.43967,0.082165845,0.18403860329659705
673,disco,2460.05707091659,2845.5287824089937,-95.26957,0.092682734,0.17634996737238978
674,disco,2384.2078982118687,2648.524862135081,-40.81154,0.17338037,0.15104544301044084
675,disco,2480.6250931421305,2690.1107484195554,-91.738495,0.1090153,0.12988583357501934
676,disco,2164.363042547508,2250.0421200345554,-95.91633,0.121738136,0.12183844499226605
677,disco,2278.604469156716,2310.876772455993,-56.88446,0.20226732,0.11757193179621037
678,disco,2306.3112897566916,2217.069646348865,-182.10767,0.066208154,0.09608453572119102
679,disco,2350.6235947718856,2293.3105290742214,-154.65105,0.081980474,0.0997392812258314
680,disco,2413.1473380975985,2144.041923141832,-219.4053,0.056990463,0.08474190956109823
681,disco,2209.7709508275016,2295.323002152144,-193.1521,0.07516562,0.1163989994199536
682,disco,2381.962717706943,2571.9176096150936,-63.611023,0.17395936,0.13820889525328692
683,disco,2211.7151374106115,1962.2887680897459,-167.48877,0.084961206,0.08997063515081206
684,disco,2099.3368051283364,2456.651138600594,-197.21649,0.057961553,0.15141099308778036
685,disco,2746.1023160564973,3005.0671711276145,-166.88416,0.08374414,0.15871972882830626
686,disco,1873.6206600311032,1868.66733880892,-95.78374,0.16232364,0.09444484725444702
687,disco,2189.28135453347,2138.997103451856,-100.28072,0.117521845,0.10023473752900232
688,disco,2022.7484894953402,2238.0308535903127,-97.904755,0.11505311,0.13138655259087392
689,disco,2105.6296940823518,2126.8006848704817,-114.935326,0.09845851,0.11179941270301624
690,disco,2396.9483000028913,2577.9081198159665,-125.691124,0.08597763,0.14611429331013148
691,disco,2078.616307446097,2033.5346951025122,-116.88239,0.16712995,0.09163449221771075
692,disco,2399.5824056983806,2457.299276909245,-123.83839,0.10484282,0.11746166255800464
693,disco,2301.5131806158915,2458.5831982503964,-86.06048,0.14915732,0.13699366782675948
694,disco,2353.1510787676507,2206.080747467601,-130.04454,0.097699545,0.09354381162993039
695,disco,2277.5534809270966,2489.2580060738096,-159.87213,0.09535113,0.11799261649265275
696,disco,2179.1672944812212,2483.1657110016213,-133.85442,0.089750454,0.13432756912219646
697,disco,2677.6565586392744,2819.014398176162,-116.93205,0.10385173,0.12042986876450117
698,disco,2434.705643522425,2419.813799256795,-91.60158,0.11986704,0.11254788403905645
699,disco,2434.705643522425,2419.813799256795,-91.60158,0.11986704,0.11254788403905645
700,jazz,1753.5622780172866,1502.4120917638431,-252.09982,0.046069827,0.07839236513921113
701,jazz,1690.3776686773203,1265.6786477327644,-345.75772,0.022628183,0.059288597254447024
702,jazz,1050.3033923582325,1064.421269265905,-256.9818,0.08053355,0.05785283135150812
703,jazz,1060.5076668727509,814.548846797894,-297.30292,0.05919177,0.04463713867942769
704,jazz,1422.059769489449,1039.117577027837,-270.31265,0.10831388,0.047745069605568444
705,jazz,1546.2277158916247,1267.163492473872,-246.27443,0.10573421,0.05787322360788863
706,jazz,1457.6202225698853,1218.3284432783669,-234.40953,0.09775894,0.04803131646365043
707,jazz,1355.6630024029207,1169.0971661441213,-291.9705,0.092984766,0.06481565400232019
708,jazz,1637.368024723795,1305.5974994589353,-189.98238,0.11735482,0.04626323230858469
709,jazz,1212.338553905012,749.8216195632497,-296.7094,0.08490128,0.03167823738399072
710,jazz,1037.264071377762,829.7469163384843,-318.75613,0.063637905,0.03305056071152359
711,jazz,2109.10318439854,1826.639551313729,-192.50862,0.07036828,0.07689013558584687
712,jazz,2040.1158784866395,1650.4439726710402,-253.17776,0.03696018,0.06368199560131477
713,jazz,2312.95875514667,1790.9675334731787,-217.6363,0.054571223,0.0610732973221191
714,jazz,1278.5375592885657,1172.8982500389213,-358.2756,0.03894444,0.06492667850928074
715,jazz,2060.0175249842764,1780.1116253818775,-200.0005,0.061437845,0.07353900812064965
716,jazz,1739.1008106980996,1465.3700446939454,-259.90985,0.060183506,0.06983517014694508
717,jazz,2186.630423226098,1933.3484064181332,-233.11557,0.047727715,0.0841188128383604
718,jazz,2127.8071061594833,1994.3175473037456,-192.11354,0.051566277,0.08771162630510441
719,jazz,1715.047412369165,1352.4704985598212,-267.31512,0.049925063,0.055444279292343385
720,jazz,1679.5302900544966,1172.2073513846535,-376.71182,0.02670241,0.03295539684841454
721,jazz,2419.969786989605,2917.0970191306883,-174.72078,0.047274537,0.1813475807231245
722,jazz,1921.1059023888631,1452.357195294015,-298.75613,0.050258543,0.051222326952822896
723,jazz,2100.360197431921,1989.611241633269,-188.1169,0.08690521,0.08017479940061871
724,jazz,2083.801794124142,2034.3116941477685,-202.62045,0.05792693,0.09320998284029389
725,jazz,2065.321711408698,1697.799777109662,-237.67996,0.06828852,0.06358909754447023
726,jazz,1639.517968125652,1366.7533777249575,-414.08255,0.0318655,0.058589973656225834
727,jazz,2112.8686711561218,1769.9177722962615,-262.10797,0.04001184,0.06268655138244393
728,jazz,2095.8940296116716,1853.5201788727709,-233.78688,0.048056018,0.07489773661059551
729,jazz,2258.820260184034,2233.482746818278,-232.95944,0.035776563,0.0993472967420727
730,jazz,1764.0841760696364,1688.7771555679362,-319.02478,0.029456656,0.08463315086040217
731,jazz,1990.174174441807,1752.796554874292,-237.51991,0.043116394,0.07236305466937355
732,jazz,1909.713363362861,1524.3916236277637,-305.4654,0.03926508,0.061361809986465586
733,jazz,1498.3990355485746,1168.7988908842383,-261.82486,0.068872035,0.04233659005220418
734,jazz,1780.3639214385735,1760.064178959134,-146.37517,0.12811516,0.07935155645784996
735,jazz,1104.88181386887,844.031754325077,-261.9065,0.090892196,0.03771887688515081
736,jazz,1411.7232290295826,1481.2049941084354,-196.93747,0.078715935,0.09946738447409126
737,jazz,1570.4177991065255,1276.6841363833441,-198.47012,0.10512561,0.05149195789829853
738,jazz,1774.144567474088,1552.92200267103,-179.60382,0.09707901,0.06639189989365817
739,jazz,1447.6701261859344,1313.8266994443134,-237.32549,0.0810657,0.07647549303944315
740,jazz,1475.533852854287,1316.4118931432995,-179.8,0.13749559,0.05484157482598608
741,jazz,1568.5720263312774,1617.2777618563678,-216.33937,0.07701759,0.10057309793116782
742,jazz,1550.1372857948008,1345.188704485852,-206.79463,0.09823483,0.06117374806651199
743,jazz,1793.8265917613387,1762.5789828820405,-173.19873,0.11092022,0.08573659851121423
744,jazz,1247.927558701311,1004.9052157674854,-246.96924,0.08578666,0.04965741009280743
745,jazz,1187.2859581834116,938.0855631441691,-231.30542,0.099777326,0.04261377368522815
746,jazz,1445.9861916545372,1295.1313186879252,-204.23126,0.107600115,0.05863755558778035
747,jazz,2144.566141034536,1981.368807960075,-201.77866,0.053352386,0.09352115356728538
748,jazz,1948.7355094492605,1749.1593857774078,-204.78166,0.058211252,0.07930699560131477
749,jazz,2467.9239208006256,2051.3433074114055,-165.51665,0.1821468,0.06475598777068832
750,jazz,2760.598694589323,2486.088521131825,-54.897827,0.1895102,0.0812637375764526
751,jazz,1559.5728835438638,1193.0483714755308,-260.92548,0.06887369,0.0424400618716164
752,jazz,2593.927306773483,2289.502736351734,-91.53226,0.18678857,0.07723550994427364
753,jazz,1862.638139237764,1805.2686130243567,-141.05447,0.12813766,0.07952451300270688
754,jazz,1206.1855486880115,871.7264455957347,-260.38052,0.09089146,0.03777325623549884
755,jazz,1206.1855486880115,871.7264455957347,-260.38052,0.09089146,0.03777325623549884
756,jazz,3036.9308010229083,2977.409646959655,-37.92366,0.19630249,0.11473182091346154
757,jazz,1774.7748315925724,1379.3925985821666,-248.04065,0.0775711,0.06186632951469451
758,jazz,1580.8965504406,1545.5447989852103,-190.61761,0.078718886,0.09956556941221964
759,jazz,2133.619980897643,1392.3026740998866,-179.79295,0.18047112,0.03800932977913176
760,jazz,1886.6320353718388,1427.6256420940517,-190.4065,0.10514053,0.052402812016628
761,jazz,2656.0645318814013,2454.664109918828,-23.793098,0.23061621,0.09424540123752878
762,jazz,2090.338385814119,1724.0173770321394,-168.13132,0.09710024,0.0675127187258314
763,jazz,2688.611483039992,2480.6650983138816,-50.615818,0.16105391,0.09874704343463303
764,jazz,2071.3134636502173,1574.7598929386531,-69.57057,0.2103118,0.05583173216357309
765,jazz,1520.265525326918,1340.4833317402038,-235.76547,0.08106619,0.076480779920727
766,jazz,1853.884431071768,1579.7254047089784,-118.444305,0.17215793,0.08831225436157976
767,jazz,1567.041777148306,1353.4006565872355,-177.28923,0.13750008,0.05492692019528229
768,jazz,1644.853087608629,1383.605076812081,-204.40417,0.09823642,0.061192629785382834
769,jazz,2227.8041152602664,2012.3472777167071,-159.17877,0.11096361,0.08752734072892498
770,jazz,1546.76943666716,1117.7869878402432,-237.89583,0.085794024,0.050029757588940446
771,jazz,1302.3620199421382,972.3105174267921,-228.37425,0.099778056,0.04256317067865429
772,jazz,1554.531109958185,1336.3064578772717,-202.82185,0.107600495,0.05872214568832173
773,jazz,2920.804206712655,2967.5537742461674,-84.05484,0.13128558,0.12969172950502708
774,jazz,2551.5751266480597,2413.5120717123928,-149.20642,0.11025447,0.09552337103634957
775,jazz,2854.7977768432374,2903.3735860786105,-78.206566,0.14494751,0.12648561364075792
776,jazz,2070.5630848124665,1735.428002654709,-154.33812,0.11779554,0.068695469595901
777,jazz,2691.0188948204227,2778.5774840849913,-77.04768,0.14417017,0.1308571091937355
778,jazz,2597.862422767587,2501.5172048209624,-141.47614,0.116923794,0.09586173143851508
779,jazz,2728.7744468345627,2633.609600742802,-163.56102,0.068675354,0.10783802808391338
780,jazz,2828.6925427193332,3029.932410424097,-117.26823,0.074857906,0.1403493269044857
781,jazz,3300.709873345102,3023.9910395658344,-228.37268,0.04241062,0.1001335315158546
782,jazz,3331.358805755247,3900.212254729326,-158.35344,0.04706534,0.20664530766627998
783,jazz,3148.368054539326,3392.707847955065,-125.98232,0.07346846,0.14963535624516627
784,jazz,2804.166362577207,2875.234952247304,-178.03915,0.05104796,0.1182939687258314
785,jazz,2567.324407675764,2861.409051063127,-131.90504,0.07075553,0.14754552760054138
786,jazz,3220.5501630622794,4135.11859750684,-156.65346,0.051944636,0.2616228308681361
787,jazz,2734.439677569356,1850.1412512478282,-340.92114,0.04460585,0.04282524893658159
788,jazz,3002.8258918033325,2420.593381922518,-192.53928,0.09050098,0.06901872462296983
789,jazz,2484.8348745601584,1786.7152367155365,-322.4348,0.044682868,0.06273262277648879
790,jazz,2570.4737463122347,1875.651733067143,-217.63109,0.061026245,0.054127845852668215
791,jazz,2833.0317511384474,2957.7696901984054,-299.35794,0.040658258,0.1514767014694509
792,jazz,2794.299071620844,2213.994962981268,-294.05438,0.05313476,0.07550195161446249
793,jazz,2774.8280317915205,2152.5373964201463,-215.3706,0.045080546,0.08171479239172467
794,jazz,1537.7965320037717,1075.060728875312,-366.40802,0.039236072,0.04149673119682908
795,jazz,2215.2906934793546,1852.568194876512,-219.79694,0.067298755,0.06334061412412993
796,jazz,2082.8125005782986,1872.3336439115767,-277.2662,0.043828007,0.07769827315351895
797,jazz,1753.378997546638,1175.53982342948,-413.57648,0.020989234,0.03990386939288476
798,jazz,2229.5065750449317,1885.6022163823045,-222.99565,0.059332933,0.05812397283449343
799,jazz,2017.6292915018953,1496.6636964224583,-315.03824,0.03849275,0.046177886939288475
800,pop,3407.641430858277,3422.685139003207,-94.507706,0.18266316,0.1266819835170147
801,pop,3434.615893530317,3699.5709311974933,-59.16709,0.25643164,0.14934533304331013
802,pop,3267.4713865222448,3212.6734074468154,-59.60099,0.21047027,0.11886872824825986
803,pop,2070.104122227732,1841.733681709686,-125.878746,0.12797442,0.08531817962103636
804,pop,2862.254022016971,2752.205063677092,-20.932325,0.20984371,0.12368130075406032
805,pop,2435.343517942333,2288.8822266365332,-113.553955,0.13855095,0.10670814602668213
806,pop,2673.36245163068,2126.135584153877,-169.12946,0.09326205,0.06768416473317865
807,pop,2326.420161740552,1967.2453282585604,-224.40593,0.08360802,0.08229257298917246
808,pop,3010.4606362295535,2882.863441406555,-52.421513,0.19439363,0.1212281878383604
809,pop,3025.3866524150917,3280.008919976901,-35.28506,0.15696703,0.17270050874903325
810,pop,2419.1572267352135,1900.1173439017127,-111.209496,0.18233359,0.06615172442962104
811,pop,2580.610645103693,2201.817441741019,-240.68845,0.05543701,0.08706436098221192
812,pop,2660.656420987676,2678.189024987537,-50.826904,0.1628578,0.12585874057424595
813,pop,2917.951534373906,2148.471163969969,-161.62132,0.17130734,0.05163545896171694
814,pop,2293.5984873479033,2000.5167277160467,-135.34387,0.07734986,0.08800240477571539
815,pop,3125.412660940603,3209.7320405037854,-45.799076,0.19204922,0.14162271002513535
816,pop,3204.9487120211425,3486.9955276067612,-97.05398,0.1429808,0.15331049400618715
817,pop,2797.2989364511777,2792.082071282772,-53.10433,0.14266153,0.12617066656999226
818,pop,3404.908033210782,3434.743243531576,-48.96048,0.20502631,0.12763060107308585
819,pop,2944.4483893827983,3130.001420254745,-25.120617,0.20784661,0.15595317937935035
820,pop,3132.0073186128625,3484.3142890282006,13.437182,0.24485204,0.17958855979311678
821,pop,3027.099156940735,3498.8581107693294,-23.21333,0.18874604,0.18685877682714616
822,pop,3124.9359566989006,3206.5895247283847,-45.730503,0.191967,0.14156379906225833
823,pop,3289.700068178017,3751.803740778768,-44.29027,0.2055025,0.17754782361755608
824,pop,3175.497472699491,3304.6207145326434,-40.904087,0.20254453,0.14440285431167826
825,pop,3201.5017116367917,2930.512275953756,-106.827194,0.18673071,0.10565076976991493
826,pop,2849.89720528809,2521.1508950187126,-73.37298,0.19308771,0.10348088263727764
827,pop,2922.502604051978,2681.6331630580617,-75.35942,0.15513282,0.10183666255800464
828,pop,3051.511075982447,2946.3109378889485,-45.62334,0.19131228,0.1211745637567672
829,pop,3142.789378171672,2988.709318752434,-40.52333,0.23026071,0.11150183681361175
830,pop,2976.587117067723,3071.091557896962,-18.16849,0.20057012,0.14866483589520496
831,pop,2991.928173939726,3111.9157451917813,-18.84539,0.19586541,0.15284675899071926
832,pop,3400.7436592564422,4225.64609253427,-113.163,0.09569789,0.22861003359435422
833,pop,2732.2974074340054,2837.3720830640505,-68.98024,0.13884507,0.13698158352668213
834,pop,3232.2721484266126,3141.144304186476,-59.553257,0.18463632,0.13096662316318639
835,pop,3053.1807752913846,3195.1098191036335,24.324636,0.27948084,0.15928693566318639
836,pop,3164.875519707029,2945.821943652241,-44.171143,0.25331256,0.1150372498549884
837,pop,2953.843435975178,3241.434936235761,4.770377,0.23717983,0.16481172660479504
838,pop,3015.1192945185585,3269.6917828147775,-15.75989,0.21762314,0.1464821091937355
839,pop,3510.9866893556878,3937.1811054018563,-19.463871,0.27685863,0.18708913379737047
840,pop,2324.12982937461,1961.8606203288941,-76.910484,0.1982215,0.09578242821925755
841,pop,2558.1070300554447,2051.619417812193,-204.71895,0.08266145,0.0753229529195669
842,pop,2970.951893476719,3004.372066016324,-37.086514,0.21905234,0.1437117834010054
843,pop,2728.1299006083746,2706.4559843925304,-50.853706,0.25123662,0.1032467493232792
844,pop,3018.937377862388,3147.582289828173,-47.975613,0.21749502,0.1356258761117556
845,pop,3046.0501972807133,2849.2537662793416,-71.62305,0.19861118,0.12495543914346481
846,pop,3043.0739401923393,2836.58043650922,-72.144135,0.19966681,0.1221465946442382
847,pop,3223.573383273149,3157.518646918008,-45.02928,0.21145637,0.12739269141531323
848,pop,3427.981340116177,4052.96393507695,-52.642086,0.15297699,0.21054702605375097
849,pop,2583.2798603817278,1989.3815399231662,-170.91998,0.14599593,0.06610036615429234
850,pop,3094.2323116456823,3042.932248677708,-78.15641,0.20449123,0.11860740525908739
851,pop,3451.5628559221736,4160.141281905102,-14.19234,0.2102309,0.23012661325406034
852,pop,3272.9455387760204,3660.061808784531,-39.89364,0.31023324,0.15603097206109823
853,pop,2753.3699265145738,2636.5978415995114,-145.93051,0.1706829,0.10689092106535189
854,pop,3296.04183006419,3495.8534441212196,-46.88898,0.26805452,0.13598764984532097
855,pop,3356.6176711461244,3938.525553773187,-56.15306,0.23018923,0.1675050149845321
856,pop,3221.983563627491,3682.2332667485052,-80.39707,0.24336357,0.14550403615622584
857,pop,3283.230801851933,3677.965993344654,-39.63845,0.31765777,0.15405669953596288
858,pop,2632.822422671064,2943.81381280114,-87.756744,0.16287568,0.1456936086136891
859,pop,3225.6659806356606,3726.779544533647,-77.92487,0.24501796,0.1446966538573086
860,pop,3296.04183006419,3495.8534441212196,-46.88898,0.26805452,0.13598764984532097
861,pop,2906.074355929199,2953.005042931476,-65.17128,0.2156737,0.11203505655452436
862,pop,2623.4085549862416,2464.0781091377553,-6.970078,0.3941446,0.09814641942188708
863,pop,2294.4760403379532,1825.6372292505444,-125.979675,0.12457958,0.0746084686774942
864,pop,2886.6578468385296,3646.123522675494,-88.39745,0.16516648,0.20584547805491105
865,pop,2682.978167951432,2518.2122683800367,-111.60004,0.13003293,0.10016072119102862
866,pop,3217.6184266316327,2842.7704219054926,-63.56813,0.24108572,0.09973852595707657
867,pop,3268.498507639881,3890.5035170270353,-52.5842,0.18709388,0.19089870939675174
868,pop,2931.654182145036,3260.493607398084,-29.299528,0.23802857,0.15508915192382058
869,pop,2516.8764608585475,2326.976921792336,-30.302332,0.21092589,0.09541763341067286
870,pop,3000.9332991873034,3138.9788922643256,-91.86157,0.16369997,0.13636830529775715
871,pop,3268.498507639881,3890.5035170270353,-52.5842,0.18709388,0.19089870939675174
872,pop,2560.0547421224637,2568.8426112924376,9.566639,0.23204952,0.13156328547950502
873,pop,3296.1659972183566,3670.724113400628,-8.573005,0.25652125,0.16174306965390564
874,pop,3369.7365980973204,3418.530898293542,-93.60379,0.20347051,0.13086466188128384
875,pop,3200.055186925093,3647.5683330675915,-68.860146,0.18034086,0.15909358686194897
876,pop,3313.46547265661,3540.141946986188,-38.28165,0.240168,0.14268008628190254
877,pop,3341.521460209036,4041.2763696101347,-34.210648,0.22179213,0.21388682448762567
878,pop,2970.7732116119555,3128.9608856646964,-42.77917,0.21820888,0.14265818348801237
879,pop,2427.7799796054524,1996.642832895276,-273.31802,0.03665064,0.0725231716453983
880,pop,3217.685931797067,3146.343356084833,-44.98689,0.2113839,0.12754298989752513
881,pop,2684.247095103557,2246.464556785066,-137.74448,0.09138765,0.08594958430007733
882,pop,3340.9825592748657,3165.3908211719436,-62.048706,0.20395447,0.10034123042343387
883,pop,2942.2798287560336,2488.5793104817667,-104.46266,0.1419148,0.08425400594547564
884,pop,3048.4417835913314,3262.458730180213,-112.48632,0.17583999,0.1358924859822119
885,pop,2469.0619236220164,2520.6040163933967,-81.73381,0.19152711,0.12200007250580046
886,pop,3170.15801450659,3593.2110033183612,-50.462906,0.129758,0.18511561654098996
887,pop,3336.9209987156223,3588.25350841768,-47.046474,0.18940964,0.14645114317478733
888,pop,3147.3572747267117,3508.7056170474143,-42.878845,0.22817485,0.17190747655645786
889,pop,3070.1823299541547,3399.516536752696,-47.762142,0.21382701,0.16559116395978346
890,pop,3332.928357511763,3602.653317859525,-44.74116,0.19254917,0.14749794566898686
891,pop,3243.586450968163,3693.2430454670757,-8.454617,0.2599346,0.166683282579273
892,pop,2987.1399034997007,3268.6886698298786,-26.023748,0.22308086,0.1452434684358082
893,pop,3144.777387292109,3259.228457760378,-20.244307,0.2408202,0.13161917536736273
894,pop,2858.8495765257,2809.0662008877116,-42.241444,0.19698502,0.1285165313225058
895,pop,3305.9145789905883,3047.377964881239,-36.638824,0.29981086,0.10640830433101314
896,pop,3162.484477711969,3125.500726585132,-59.051575,0.2487649,0.10529428291763342
897,pop,3309.7488956955667,3512.413755159583,-125.51832,0.1994567,0.13714018996519722
898,pop,3133.503685742245,3632.197967218785,-26.940434,0.20871899,0.18296612166473317
899,pop,3222.7658948727885,2767.1035974349265,-119.3696,0.13648836,0.0959674690641918
900,rock,2097.4320277411052,1996.375724950951,-116.62627,0.12790084,0.09022213964617169
901,rock,1846.809821423741,1530.8207999314416,-111.25285,0.17930423,0.05495562040796597
902,rock,1982.3650487878244,1874.1196834037282,-120.445526,0.14431323,0.076825937741686
903,rock,1900.4855209914988,1418.490093853174,-156.54553,0.14906977,0.043093369344547564
904,rock,1841.6480135798183,1346.0204317211196,-127.970406,0.20776905,0.041075291231631866
905,rock,1589.119349066483,1540.7590514558165,-62.36485,0.20286076,0.0770117338553751
906,rock,1653.8307595860913,1676.17334648466,-98.38649,0.17889662,0.08727961257733952
907,rock,1728.7690213183712,1282.9985587112774,-140.46417,0.15575676,0.04717182062064965
908,rock,1841.4360673804824,1715.5632329080722,-14.946681,0.26027396,0.08493299255607115
909,rock,1608.871717926547,1183.6793007720319,-178.60347,0.12667811,0.0425231414346481
910,rock,2179.0723655659594,1854.0756093810148,-108.94804,0.15030074,0.07170294977764888
911,rock,2040.9293745646632,1540.8022151095304,-169.68312,0.12223554,0.05432346046017015
912,rock,2066.4295264632137,1863.1887458258493,-204.6047,0.07353835,0.06824230834300077
913,rock,2236.815743185301,1597.2478279002164,-211.21675,0.13175672,0.04610084952629544
914,rock,2007.9858754276543,1936.719301535144,-256.37222,0.052254368,0.08356066922853829
915,rock,2097.780517718854,2332.676596183528,-174.93277,0.080066964,0.11414150111175561
916,rock,2221.7523489411783,2460.7252663455115,-15.672692,0.18331549,0.14280772670146946
917,rock,2061.4726359108204,2311.5143119834133,-41.4065,0.1648844,0.14052530452436196
918,rock,2142.5151892793097,2208.1293445847527,-67.59407,0.13871615,0.11578194484725444
919,rock,2119.364832532581,2322.655125430865,-84.1865,0.11116383,0.1281872341453983
920,rock,2120.305669493795,2187.543759299798,-56.960926,0.15156227,0.11751151029582367
921,rock,2060.9697291791736,2157.1185418430573,-55.33593,0.1604293,0.12154540071539056
922,rock,2114.102256386402,2344.0060312798123,-34.634476,0.17249885,0.13843774168600154
923,rock,2206.5606792434146,2293.9470148452483,-88.36004,0.13491856,0.115547811533256
924,rock,2043.8167919487084,2319.701428720785,-52.480682,0.15552263,0.14343913138051045
925,rock,2115.4839296423534,2507.790417951374,-47.04379,0.14826003,0.15779452460363497
926,rock,2151.8406680757803,2265.4923440410857,-58.981987,0.15146266,0.12289506598027843
927,rock,2440.1003842703944,2671.5871802294296,-123.34534,0.07889717,0.13337031975619196
928,rock,2067.583166779989,2045.0017058596495,-92.63433,0.13759397,0.1019748767401392
929,rock,2435.919746342224,2448.782718110032,-42.399296,0.1793847,0.11149201831979892
930,rock,2830.8306856517247,2946.3660330824323,-131.4277,0.09589331,0.11488241976024749
931,rock,2511.3908645294046,2637.388803698401,-89.08187,0.123407505,0.13244015250386698
932,rock,2375.161357248863,2343.9888205995003,-26.406563,0.22059773,0.11587249522900764
933,rock,1948.179696662721,1674.107949358437,-119.03785,0.1270636,0.07486752586040217
934,rock,2649.017352899208,2789.3167281389533,-28.048374,0.19053818,0.13488881522362386
935,rock,2421.0645174641895,1865.4240244349962,-124.00335,0.12354124,0.056978985402165505
936,rock,2623.2457782963725,2850.7368437462474,-0.42657748,0.21519214,0.14703813457854406
937,rock,2442.377155233334,2627.630476229077,-71.13559,0.111943245,0.14624495480471772
938,rock,2633.3325398095435,2794.472584320725,-15.92807,0.21794116,0.14056150832043343
939,rock,2730.393537840191,2558.6682666485335,-50.849358,0.14345355,0.12274854384184068
940,rock,2778.952081035145,3009.13307983579,-65.91231,0.1410138,0.14473592783255995
941,rock,2687.654491228121,2807.382254328696,-35.39996,0.15905084,0.14833855979311678
942,rock,2733.044277084939,2795.7547944137773,-74.18399,0.11697157,0.13764546476218098
943,rock,2542.4129393996227,2740.6571329808226,-62.13462,0.13797374,0.14392476918986852
944,rock,2105.354709345368,1651.120174891161,-118.39433,0.14350049,0.0688835315158546
945,rock,1568.8690341219394,1561.5216922519435,-172.66568,0.096480966,0.07894522186774942
946,rock,2501.7809282412554,2427.821092196058,-83.05496,0.11933095,0.11817614680007733
947,rock,2690.654814799036,2998.37780056515,-58.31212,0.1368389,0.15620241806844548
948,rock,1702.533742411975,1647.6375460913898,-93.35886,0.1449165,0.08524340801430781
949,rock,2333.360751283455,2077.8316515143288,-142.40489,0.10044796,0.09132860837200309
950,rock,2313.2414408092604,1719.8899250871166,-144.9571,0.13756655,0.05330309237238979
951,rock,3055.082054587407,3030.6823764316655,-66.28536,0.15995246,0.12088529582366589
952,rock,2452.4767030292296,2188.391876811893,-181.23041,0.11154548,0.088553750966744
953,rock,2934.072396858652,3363.787838666396,4.0827875,0.18856241,0.18753625290023201
954,rock,2547.518145932392,2627.9834860187793,-156.28606,0.06502012,0.13237973100348027
955,rock,2250.519343459209,1716.4781451317235,-91.9124,0.14563167,0.06660186460750193
956,rock,2913.6436473047793,3302.591627788898,-7.8688965,0.17409952,0.17751685759860789
957,rock,3239.9670229399903,3486.196028234407,-58.583797,0.12136172,0.17502824705143077
958,rock,2790.674318534423,2437.9219060561045,-142.00829,0.087248094,0.0989530464520495
959,rock,2929.3868415043316,2426.9738996581423,-219.1163,0.05082692,0.08651830167246713
960,rock,2891.9758226237836,2796.7521333989403,-82.69719,0.102147624,0.1346561110305491
961,rock,2739.843590062979,2072.907881063032,-193.64023,0.08735908,0.06903458526682135
962,rock,3204.203432041566,2948.186474762737,-212.2839,0.05944876,0.10851172781322506
963,rock,2308.011628089996,1711.183489495925,-302.8243,0.052785214,0.05584683753866976
964,rock,2180.596905384115,2180.5646424101205,-118.8025,0.10556271,0.10638111465583913
965,rock,2104.1406612085348,2295.0667894615203,-95.25766,0.1135881,0.1290716538573086
966,rock,2174.426334268421,2210.61799712075,-245.10092,0.04227336,0.10713185179814386
967,rock,2339.614297372637,2413.9222698779267,-123.67157,0.09828326,0.1198641724671307
968,rock,2399.3091326410554,2465.948564586705,-121.12452,0.09058509,0.11826073690061871
969,rock,2345.3621070290687,2568.3703862116545,-203.34494,0.04650012,0.13761223293696828
970,rock,2245.2677253145794,2513.0871267872362,-202.22345,0.053280964,0.13909331496519722
971,rock,2215.039535646666,2025.2370374292514,-79.81995,0.15803963,0.09079614389984532
972,rock,2212.044273230964,1934.539878377362,-95.375534,0.16350618,0.08167400787896364
973,rock,2287.773891598999,2222.291494381994,-61.69562,0.16647144,0.10999054403518949
974,rock,2245.928657465472,2139.5514024840168,-83.36812,0.1520172,0.09113677010827533
975,rock,2354.9287882509298,2300.9662362967,-113.657845,0.12400046,0.11149957100734725
976,rock,1953.421600283713,1659.442672510782,-132.39337,0.14396872,0.07116897476798144
977,rock,2352.3007760012997,2188.236538275933,-103.96426,0.12604971,0.10620966864849188
978,rock,2204.4710375676436,1877.4039833669906,-130.98306,0.1417831,0.0717014392401392
979,rock,2108.417791931996,2150.250220922694,-91.39275,0.115918174,0.10909781636697602
980,rock,2318.3743677191646,2606.2568684054268,-87.96438,0.103513986,0.14967765129543698
981,rock,2219.20747198915,2554.322827858461,-121.46697,0.09250232,0.13611302445862336
982,rock,2422.3310979388334,2974.0057351305145,-95.44648,0.092358515,0.18369117966937354
983,rock,2244.767869269999,2115.5795175391263,-119.15098,0.10057902,0.09278552180007733
984,rock,2376.235589047168,2582.0525487545897,-94.26873,0.106087625,0.13924738979118328
985,rock,2059.217023618256,2256.6569370985953,-185.50003,0.06259502,0.12093589883023975
986,rock,2132.8888486707438,2520.8177294058282,-160.15704,0.075046316,0.14624797587973704
987,rock,2208.0584839618705,2334.7468980878584,-42.662823,0.16451608,0.1285233287412993
988,rock,2079.6906249590393,2590.5387642184246,-117.97405,0.08833011,0.16169473245359628
989,rock,1814.5902156963407,1608.943255209322,-156.29813,0.10316267,0.07323916642498067
990,rock,2250.88759482179,2497.438829971495,-89.01616,0.1541257,0.12062699390951276
991,rock,2123.498288543129,2473.303932533905,-74.30769,0.10795796,0.15011797297950502
992,rock,2102.874372080047,2471.2917577750213,-70.11194,0.10621406,0.15093139742846096
993,rock,1881.2830368129294,1938.666947469233,-114.78572,0.10533195,0.09829294156032482
994,rock,2211.9076611466985,2629.035248689334,-90.240295,0.10159577,0.14662485498839908
995,rock,2105.727030316843,2007.5046331633396,-153.63005,0.07914687,0.08920403736465583
996,rock,2069.360851667238,2007.177296989616,-142.41621,0.07599954,0.0976585158062645
997,rock,1927.1675268105826,2077.518516262185,-124.989655,0.08114328,0.12180219209203402
998,rock,1818.33167220464,1399.1989115197246,-225.03336,0.08342555,0.048711813611755604
999,rock,1796.835277412203,1609.5528743190152,-235.20059,0.05428976,0.0763063128383604
